file,selection_group,split,coco_image_id,coco_url,flickr_url,license_name,license_url,boxes,blur_score,white_ratio,original_sha256
coco_train2017_000000509607.jpg,both,train2017,509607,http://images.cocodataset.org/train2017/000000509607.jpg,http://farm3.staticflickr.com/2263/2038951439_e0df3015fe_z.jpg,Attribution-ShareAlike License,http://creativecommons.org/licenses/by-sa/2.0/,3,858.72,0.0193,e4884bca0372c0685abd422ea0cd81e6bb18cef3d30e8132c6875f207ea881f4
coco_train2017_000000245971.jpg,both,train2017,245971,http://images.cocodataset.org/train2017/000000245971.jpg,http://farm3.staticflickr.com/2354/2088893255_a6663f57d3_z.jpg,Attribution-NonCommercial-ShareAlike License,http://creativecommons.org/licenses/by-nc-sa/2.0/,2,2060.96,0.0070,aed6090bef22d82548dddd71aa107802335a012ab9b2f167da6729ab2688e7ac
coco_train2017_000000527649.jpg,both,train2017,527649,http://images.cocodataset.org/train2017/000000527649.jpg,http://farm1.staticflickr.com/53/152030230_a9689776e2_z.jpg,Attribution License,http://creativecommons.org/licenses/by/2.0/,3,1716.08,0.0018,70d94a32d884724465cadfcd444636343f281935ebc8e2ea4c13999755879a6c
coco_val2017_000000520077.jpg,both,val2017,520077,http://images.cocodataset.org/val2017/000000520077.jpg,http://farm1.staticflickr.com/189/510193497_2b98403243_z.jpg,Attribution-ShareAlike License,http://creativecommons.org/licenses/by-sa/2.0/,2,3036.96,0.0000,7e4985f7c75dd8940526cef636179af20151b3af7b7653f6986eed71f32488b0
coco_train2017_000000098694.jpg,both,train2017,98694,http://images.cocodataset.org/train2017/000000098694.jpg,http://farm1.staticflickr.com/200/492381360_3bc644d60c_z.jpg,Attribution-NonCommercial-ShareAlike License,http://creativecommons.org/licenses/by-nc-sa/2.0/,7,1074.32,0.0477,4c0da9e1911019d333d9b918c3b6fa27b74c2f2ce5e7dc93ad08177802a24e9d
coco_train2017_000000449528.jpg,both,train2017,449528,http://images.cocodataset.org/train2017/000000449528.jpg,http://farm1.staticflickr.com/5/6632027_eb0c4378c6_z.jpg,Attribution-ShareAlike License,http://creativecommons.org/licenses/by-sa/2.0/,2,700.31,0.0000,70025286a95cf15b59cae595fb37582f9e2c129c4fbed9d926aeadc3c6e6cfa1
coco_train2017_000000009760.jpg,both,train2017,9760,http://images.cocodataset.org/train2017/000000009760.jpg,http://farm7.staticflickr.com/6075/6031368476_be7e72beeb_z.jpg,Attribution-ShareAlike License,http://creativecommons.org/licenses/by-sa/2.0/,12,850.25,0.0028,acaac00b2ba7a3cf71514354d8fdfcfd0f3042197fadc66f8700a553ae509548
coco_train2017_000000182362.jpg,both,train2017,182362,http://images.cocodataset.org/train2017/000000182362.jpg,http://farm3.staticflickr.com/2892/9375295111_12b0db2cb9_z.jpg,Attribution-NonCommercial License,http://creativecommons.org/licenses/by-nc/2.0/,2,1896.42,0.0046,8369d0a0ed6983a00d3dc316963b4cf485dcab16f4d229245d52b23c41973b9b
coco_train2017_000000518324.jpg,both,train2017,518324,http://images.cocodataset.org/train2017/000000518324.jpg,http://farm2.staticflickr.com/1387/1260950297_a9119627a6_z.jpg,Attribution License,http://creativecommons.org/licenses/by/2.0/,3,654.02,0.0000,35f06218421ff71675082b1c71d53693cc6ad5688c7b058a44f6982b3f7cf560
coco_train2017_000000163692.jpg,both,train2017,163692,http://images.cocodataset.org/train2017/000000163692.jpg,http://farm1.staticflickr.com/26/103498761_18db7ea307_z.jpg,Attribution-NonCommercial License,http://creativecommons.org/licenses/by-nc/2.0/,2,1391.50,0.0184,29d679d5ea56e2db07b02b7b9c58173ea9a4125e690d5e7efdfad846240c1f4f
coco_train2017_000000373574.jpg,both,train2017,373574,http://images.cocodataset.org/train2017/000000373574.jpg,http://farm5.staticflickr.com/4030/4537135002_0f21c2de1f_z.jpg,Attribution-NonCommercial License,http://creativecommons.org/licenses/by-nc/2.0/,4,915.47,0.0000,460a8ffd0bfbf3fb7bfa5276b583148b6dee088723b565c7087e73c4490e0f7b
coco_train2017_000000297236.jpg,both,train2017,297236,http://images.cocodataset.org/train2017/000000297236.jpg,http://farm5.staticflickr.com/4148/5148536665_0aac52c29f_z.jpg,Attribution License,http://creativecommons.org/licenses/by/2.0/,6,2414.88,0.1893,346f5e06cf88254c19a556af76f259ea95489bd64c3e58536b47b23df900d8f4
coco_train2017_000000097964.jpg,both,train2017,97964,http://images.cocodataset.org/train2017/000000097964.jpg,http://farm4.staticflickr.com/3730/8807163456_07cb045f4c_z.jpg,Attribution-NonCommercial-ShareAlike License,http://creativecommons.org/licenses/by-nc-sa/2.0/,2,607.54,0.0010,4927ba9207b6decf8cbb9cf34c671d1c6eb5da80804f21181d25e309cb6a6352
coco_train2017_000000237853.jpg,both,train2017,237853,http://images.cocodataset.org/train2017/000000237853.jpg,http://farm4.staticflickr.com/3101/3237159405_2530304691_z.jpg,Attribution-NonCommercial-ShareAlike License,http://creativecommons.org/licenses/by-nc-sa/2.0/,2,2686.30,0.0092,11b33fe5903d659111462487af9fd56dc44ff5002aeb589bbec68ff436a502f4
coco_train2017_000000331146.jpg,both,train2017,331146,http://images.cocodataset.org/train2017/000000331146.jpg,http://farm4.staticflickr.com/3594/3321655388_364c3f38de_z.jpg,Attribution License,http://creativecommons.org/licenses/by/2.0/,2,814.36,0.0001,d2393e05114cd03e9c9d64aa2363a4980ec9394db9758aa45868af1541ac1df8
coco_train2017_000000168546.jpg,both,train2017,168546,http://images.cocodataset.org/train2017/000000168546.jpg,http://farm1.staticflickr.com/129/354633660_519e875f3f_z.jpg,Attribution-NonCommercial-ShareAlike License,http://creativecommons.org/licenses/by-nc-sa/2.0/,2,832.75,0.0000,df591874f9bf9784ea912b080ab824bdbbd8ac66012c8ca0c37d6359733e5d04
coco_train2017_000000488558.jpg,both,train2017,488558,http://images.cocodataset.org/train2017/000000488558.jpg,http://farm4.staticflickr.com/3046/3019101110_08897afec4_z.jpg,Attribution-NonCommercial-ShareAlike License,http://creativecommons.org/licenses/by-nc-sa/2.0/,2,726.38,0.0000,047500fa128789f0c20f94c37c8069d849e8f1a4bd409a62de204caf78d9431e
coco_train2017_000000505552.jpg,both,train2017,505552,http://images.cocodataset.org/train2017/000000505552.jpg,http://farm9.staticflickr.com/8469/8147141891_e6e6cc0b31_z.jpg,Attribution-NonCommercial-ShareAlike License,http://creativecommons.org/licenses/by-nc-sa/2.0/,8,1824.06,0.0162,f094532f8e1a49e1b422a1451a0e85a60eececde937d936d46a0f00c3f6264f4
coco_train2017_000000286774.jpg,both,train2017,286774,http://images.cocodataset.org/train2017/000000286774.jpg,http://farm4.staticflickr.com/3289/3074427383_9a6edf25ea_z.jpg,Attribution License,http://creativecommons.org/licenses/by/2.0/,10,2318.29,0.0000,b7f9457b6995e771331f3ab16343627da071caf63489d28e6da297626252042f
coco_train2017_000000111341.jpg,both,train2017,111341,http://images.cocodataset.org/train2017/000000111341.jpg,http://farm4.staticflickr.com/3500/3254364533_5dc216fd0c_z.jpg,Attribution-NonCommercial-ShareAlike License,http://creativecommons.org/licenses/by-nc-sa/2.0/,9,2180.77,0.0000,c3f0f7cc512bb0d812622abe8ded88c4131586a0c3cb0e03e03e994fcdcdcbaa
coco_train2017_000000245451.jpg,both,train2017,245451,http://images.cocodataset.org/train2017/000000245451.jpg,http://farm3.staticflickr.com/2085/2283512742_ab2af00f75_z.jpg,Attribution-NonCommercial-ShareAlike License,http://creativecommons.org/licenses/by-nc-sa/2.0/,5,1635.65,0.0209,4bc6c940dc5f100a2bd77be9ec7565f549d911a51f95e5f1d723d6a0809a708e
coco_train2017_000000010870.jpg,both,train2017,10870,http://images.cocodataset.org/train2017/000000010870.jpg,http://farm4.staticflickr.com/3591/3441466577_010868610d_z.jpg,Attribution-NonCommercial-ShareAlike License,http://creativecommons.org/licenses/by-nc-sa/2.0/,2,3506.77,0.0084,a325cce0e30dd95de74f0cc921ea0c7f4e87024d4e0e80c4a1f61359381e69fc
coco_train2017_000000311827.jpg,both,train2017,311827,http://images.cocodataset.org/train2017/000000311827.jpg,http://farm5.staticflickr.com/4016/4425953913_a948f344db_z.jpg,Attribution-NonCommercial License,http://creativecommons.org/licenses/by-nc/2.0/,3,3678.25,0.0001,ce965c03aa055ee1f418dc9c937ae938805c1a58f3a6d7f4803c29433cdf7f03
coco_train2017_000000548375.jpg,both,train2017,548375,http://images.cocodataset.org/train2017/000000548375.jpg,http://farm4.staticflickr.com/3635/3573883296_e9c9cafd00_z.jpg,Attribution-NonCommercial-ShareAlike License,http://creativecommons.org/licenses/by-nc-sa/2.0/,4,1258.07,0.0300,32c284a5efc516463487dc2c50a500f27937ccf64ac61b2e67adaf7b8003a068
coco_train2017_000000155107.jpg,both,train2017,155107,http://images.cocodataset.org/train2017/000000155107.jpg,http://farm5.staticflickr.com/4075/4746425318_d345544354_z.jpg,Attribution-NonCommercial License,http://creativecommons.org/licenses/by-nc/2.0/,4,2084.17,0.0192,02e6eff2e5fa539cf751123089969caa331eb23858576d78144f0e2fe14966a3
coco_train2017_000000354746.jpg,both,train2017,354746,http://images.cocodataset.org/train2017/000000354746.jpg,http://farm1.staticflickr.com/160/334989575_9df1cff817_z.jpg,Attribution License,http://creativecommons.org/licenses/by/2.0/,4,641.98,0.0029,fb862b11dd645ef7e6c2b4b6ad5c370614cccb1d711a9afeddec533a645cc3fb
coco_train2017_000000573997.jpg,both,train2017,573997,http://images.cocodataset.org/train2017/000000573997.jpg,http://farm3.staticflickr.com/2061/2266736729_6a7c3851ed_z.jpg,Attribution-NonCommercial-ShareAlike License,http://creativecommons.org/licenses/by-nc-sa/2.0/,5,1728.69,0.0322,0dc3d6b4884a4ed426e09af2fb10f2b6e5c2aef905985d27ca35a7c8145a9deb
coco_train2017_000000383406.jpg,both,train2017,383406,http://images.cocodataset.org/train2017/000000383406.jpg,http://farm8.staticflickr.com/7167/6587054645_47587b604c_z.jpg,Attribution-NonCommercial-ShareAlike License,http://creativecommons.org/licenses/by-nc-sa/2.0/,8,2183.63,0.1393,5366305c1573a437bdc66357cdd22d16fe71123c76d320751ebd9b69332ed7de
coco_train2017_000000327198.jpg,both,train2017,327198,http://images.cocodataset.org/train2017/000000327198.jpg,http://farm1.staticflickr.com/27/39205666_27b35bc68f_z.jpg,Attribution-NonCommercial-ShareAlike License,http://creativecommons.org/licenses/by-nc-sa/2.0/,4,2844.23,0.0105,6168c4f9da0c2f45de51c557977cca56e2f5cef2ffba21439fcd226e7b682cb0
coco_train2017_000000234555.jpg,both,train2017,234555,http://images.cocodataset.org/train2017/000000234555.jpg,http://farm1.staticflickr.com/14/17624937_132cefcb9b_z.jpg,Attribution-NonCommercial-ShareAlike License,http://creativecommons.org/licenses/by-nc-sa/2.0/,6,2575.05,0.0003,5b784a52980051f80f4df624aa6c99494ec92b7160e0681749e70c94d1ac966f
coco_val2017_000000190236.jpg,both,val2017,190236,http://images.cocodataset.org/val2017/000000190236.jpg,http://farm1.staticflickr.com/244/535469198_ee68a4b0c1_z.jpg,Attribution-NonCommercial-ShareAlike License,http://creativecommons.org/licenses/by-nc-sa/2.0/,8,2319.83,0.0270,703b3b3f8d8ee32af794427e6271765f22e120387d6c2f994606b120f7cb3e6a
coco_val2017_000000555009.jpg,both,val2017,555009,http://images.cocodataset.org/val2017/000000555009.jpg,http://farm1.staticflickr.com/22/30339463_78c837ba54_z.jpg,Attribution-ShareAlike License,http://creativecommons.org/licenses/by-sa/2.0/,3,1948.44,0.0130,01d975300362169fe1d5bbdf664f28873201678c9e6679080e69aba4deb1ca27
coco_train2017_000000058864.jpg,both,train2017,58864,http://images.cocodataset.org/train2017/000000058864.jpg,http://farm4.staticflickr.com/3788/9136191075_d60a0f74d1_z.jpg,Attribution-NonCommercial License,http://creativecommons.org/licenses/by-nc/2.0/,2,1860.86,0.0113,2e7f8a33eb46b86112cd3fcbf85abfc84b37ff935f4cca8987728d0746adb6e2
coco_train2017_000000180569.jpg,both,train2017,180569,http://images.cocodataset.org/train2017/000000180569.jpg,http://farm5.staticflickr.com/4070/4407206535_12129c06a3_z.jpg,Attribution-NonCommercial-ShareAlike License,http://creativecommons.org/licenses/by-nc-sa/2.0/,6,1950.20,0.0000,d84dfa8b8bd990b23528651a4d612aeb39fefaa25afe93e6ffd6898d95786b5f
coco_val2017_000000248314.jpg,both,val2017,248314,http://images.cocodataset.org/val2017/000000248314.jpg,http://farm1.staticflickr.com/188/428244913_382d66e2f3_z.jpg,Attribution License,http://creativecommons.org/licenses/by/2.0/,2,2481.45,0.0173,b6b1cf5511ed5a690b596376813360b46b180c3fa8c3c3ef9cead9b5647f87e1
coco_train2017_000000022593.jpg,both,train2017,22593,http://images.cocodataset.org/train2017/000000022593.jpg,http://farm9.staticflickr.com/8065/8247929295_1fdd697d5a_z.jpg,Attribution-NonCommercial-ShareAlike License,http://creativecommons.org/licenses/by-nc-sa/2.0/,2,5552.48,0.0409,aca6b95bad0e11dc700e3cbb79ef57ffa18669f52ee189d21031c091e31238a6
coco_train2017_000000355863.jpg,both,train2017,355863,http://images.cocodataset.org/train2017/000000355863.jpg,http://farm5.staticflickr.com/4119/4745925748_c40e1f921a_z.jpg,Attribution-NonCommercial License,http://creativecommons.org/licenses/by-nc/2.0/,3,2492.51,0.0055,7f1cc06550b1c0e399bc0d082c6d71aaadf4b43ace343b6d1c607757729e3861
coco_train2017_000000421529.jpg,both,train2017,421529,http://images.cocodataset.org/train2017/000000421529.jpg,http://farm1.staticflickr.com/181/400307439_6b06f57365_z.jpg,Attribution License,http://creativecommons.org/licenses/by/2.0/,5,1651.67,0.0012,a56cb7fec7db13e7472995c2c62cc56102ea8042294820cdee49018bea410eab
coco_train2017_000000382653.jpg,both,train2017,382653,http://images.cocodataset.org/train2017/000000382653.jpg,http://farm4.staticflickr.com/3202/2415176669_6ef8befb16_z.jpg,Attribution-NonCommercial-ShareAlike License,http://creativecommons.org/licenses/by-nc-sa/2.0/,6,1578.46,0.0001,87d452d428773438d1533b220ef0af23776c038b31e577a049f29ba2d6e3df54
coco_train2017_000000057403.jpg,both,train2017,57403,http://images.cocodataset.org/train2017/000000057403.jpg,http://farm3.staticflickr.com/2403/2245936000_7dc32eed9a_z.jpg,Attribution-NonCommercial License,http://creativecommons.org/licenses/by-nc/2.0/,2,744.29,0.0000,4e1f36c46679f23b4c671df78ae46c8158f4928f23e301ea53b3ff73fe3df362
coco_train2017_000000299987.jpg,both,train2017,299987,http://images.cocodataset.org/train2017/000000299987.jpg,http://farm1.staticflickr.com/50/108221514_5505a83e56_z.jpg,Attribution-NonCommercial-ShareAlike License,http://creativecommons.org/licenses/by-nc-sa/2.0/,3,3011.74,0.0162,242a8fa519cbf54b0ced64b10746afc17e6f8fc6498d9450d187d5f527e8321c
coco_train2017_000000498125.jpg,both,train2017,498125,http://images.cocodataset.org/train2017/000000498125.jpg,http://farm1.staticflickr.com/5/4927323_c249cfea8d_z.jpg,Attribution-NonCommercial-ShareAlike License,http://creativecommons.org/licenses/by-nc-sa/2.0/,2,1449.17,0.0000,a6fd380741eec081efc73ec93f3c87ffd48369986abe2790ae6b497d3e55ca5b
coco_train2017_000000333842.jpg,both,train2017,333842,http://images.cocodataset.org/train2017/000000333842.jpg,http://farm4.staticflickr.com/3379/3657930265_b18872915a_z.jpg,Attribution License,http://creativecommons.org/licenses/by/2.0/,3,1684.85,0.0000,62e383b7e47cbaab93fb787bb3e383976b1ed3834887607e20ae334c84e6f5ff
coco_train2017_000000099539.jpg,both,train2017,99539,http://images.cocodataset.org/train2017/000000099539.jpg,http://farm1.staticflickr.com/34/111634376_4346dc7d6a_z.jpg,Attribution-NonCommercial-ShareAlike License,http://creativecommons.org/licenses/by-nc-sa/2.0/,6,2834.04,0.0001,bc6cb1f93d6afc131d1aeecf821c4cabc94b2f7f2a19629cd1c0b5e2d09ff706
coco_train2017_000000504030.jpg,both,train2017,504030,http://images.cocodataset.org/train2017/000000504030.jpg,http://farm3.staticflickr.com/2428/3616534964_912b361367_z.jpg,Attribution-NonCommercial License,http://creativecommons.org/licenses/by-nc/2.0/,5,1254.16,0.0000,7e3d42737785f87c13d56dbc91e686e767df2461e5dc83470210179ec4786f46
coco_train2017_000000119849.jpg,both,train2017,119849,http://images.cocodataset.org/train2017/000000119849.jpg,http://farm5.staticflickr.com/4087/5217120557_15a63f58d5_z.jpg,Attribution License,http://creativecommons.org/licenses/by/2.0/,2,1262.03,0.0000,926284673a3c75ff8d8a7514aec744d70eb3f4840beb621d7b20a1ea33125f75
coco_train2017_000000126389.jpg,both,train2017,126389,http://images.cocodataset.org/train2017/000000126389.jpg,http://farm3.staticflickr.com/2018/2378885841_301d5577e9_z.jpg,Attribution License,http://creativecommons.org/licenses/by/2.0/,4,1306.79,0.0425,230a8a4ce8a49cd1ac11a7c436bb532d49e0b69e33c5f31554e6f59b7ea70c60
coco_val2017_000000387098.jpg,both,val2017,387098,http://images.cocodataset.org/val2017/000000387098.jpg,http://farm4.staticflickr.com/3083/3138265194_b2d0f11ed0_z.jpg,Attribution-NonCommercial-ShareAlike License,http://creativecommons.org/licenses/by-nc-sa/2.0/,3,1288.95,0.0057,8f238c8eb6eaa82b9bd28db4530e39ecb46793e00703e58a5ee39df837ae3937
coco_val2017_000000570782.jpg,both,val2017,570782,http://images.cocodataset.org/val2017/000000570782.jpg,http://farm2.staticflickr.com/1398/819859740_a26b28d33c_z.jpg,Attribution-ShareAlike License,http://creativecommons.org/licenses/by-sa/2.0/,2,2614.72,0.0731,534ff00fcd447bda33da7c3ae3074e44df00d2e5fdf5401fbde33f8367bde5ec
coco_train2017_000000273103.jpg,both,train2017,273103,http://images.cocodataset.org/train2017/000000273103.jpg,http://farm3.staticflickr.com/2348/2345311796_4ecdc72702_z.jpg,Attribution-NonCommercial License,http://creativecommons.org/licenses/by-nc/2.0/,3,1146.12,0.0000,e4ec56f62415c3affbae393e7ee5e7ef035b2639e2700b3c61957f876704bf8c
coco_train2017_000000246434.jpg,both,train2017,246434,http://images.cocodataset.org/train2017/000000246434.jpg,http://farm4.staticflickr.com/3517/4008366761_ca4ce65a83_z.jpg,Attribution License,http://creativecommons.org/licenses/by/2.0/,2,932.37,0.0002,8f04c17ac32f5ba01373d58517ea6c79b431f5a2fa9fd9d4b27285af3369d298
coco_train2017_000000039211.jpg,both,train2017,39211,http://images.cocodataset.org/train2017/000000039211.jpg,http://farm4.staticflickr.com/3511/3831372795_6a0b92d2c3_z.jpg,Attribution-NonCommercial License,http://creativecommons.org/licenses/by-nc/2.0/,5,1348.96,0.0076,abfa4861df73bd1a55ea09b122eafad3950ad4e2fd5572c666971683750b9199
coco_train2017_000000093644.jpg,both,train2017,93644,http://images.cocodataset.org/train2017/000000093644.jpg,http://farm1.staticflickr.com/238/518434041_eeb6932037_z.jpg,Attribution-NonCommercial-ShareAlike License,http://creativecommons.org/licenses/by-nc-sa/2.0/,6,1342.39,0.0427,02aa885a82b0bc63a3f92e3e3891561c888364aa53c2c07485c77009cf908f76
coco_train2017_000000089238.jpg,both,train2017,89238,http://images.cocodataset.org/train2017/000000089238.jpg,http://farm4.staticflickr.com/3381/3253384558_1af5cc0fe5_z.jpg,Attribution-ShareAlike License,http://creativecommons.org/licenses/by-sa/2.0/,3,1052.46,0.0520,76ed21c068197583801e669db3ff9eccbce6e07ade0bd84126c4fd937b4059b1
coco_train2017_000000386127.jpg,both,train2017,386127,http://images.cocodataset.org/train2017/000000386127.jpg,http://farm4.staticflickr.com/3064/2547159867_a07a3ba0eb_z.jpg,Attribution-NonCommercial-ShareAlike License,http://creativecommons.org/licenses/by-nc-sa/2.0/,2,2683.78,0.0013,dea71cc369beb405fc96679fee3dfa056001a892935928f21eb82613ff923e24
coco_train2017_000000396984.jpg,both,train2017,396984,http://images.cocodataset.org/train2017/000000396984.jpg,http://farm4.staticflickr.com/3143/2495351782_ff68ddecab_z.jpg,Attribution License,http://creativecommons.org/licenses/by/2.0/,2,1890.94,0.0000,31f1e3848eae7d78ab7176af896b4dc7f98c22a21f966b925af80585be98a4be
coco_train2017_000000530002.jpg,both,train2017,530002,http://images.cocodataset.org/train2017/000000530002.jpg,http://farm3.staticflickr.com/2449/4094821497_298017a4ab_z.jpg,Attribution-NonCommercial-ShareAlike License,http://creativecommons.org/licenses/by-nc-sa/2.0/,5,1357.63,0.0324,0591b25d064bf7aa8969360d66d4bdf51c13dec669a76f8eae14912e0351bbc0
coco_train2017_000000227520.jpg,both,train2017,227520,http://images.cocodataset.org/train2017/000000227520.jpg,http://farm5.staticflickr.com/4112/4951786803_f1e5391fae_z.jpg,Attribution-NonCommercial-ShareAlike License,http://creativecommons.org/licenses/by-nc-sa/2.0/,2,1272.55,0.0043,8385057a80117da2374a6944ddac797746655ac2cebca0b94f10c13f6bf4fe1f
coco_train2017_000000088436.jpg,both,train2017,88436,http://images.cocodataset.org/train2017/000000088436.jpg,http://farm4.staticflickr.com/3411/3315663438_0984470ed8_z.jpg,Attribution-NonCommercial License,http://creativecommons.org/licenses/by-nc/2.0/,4,2307.46,0.0378,caff1b4da02a6874d466ee300f200b0fe9e65dde7fbc3e00c0b5f3be337b997b
coco_train2017_000000402109.jpg,both,train2017,402109,http://images.cocodataset.org/train2017/000000402109.jpg,http://farm9.staticflickr.com/8233/8471600250_d2ab877363_z.jpg,Attribution-ShareAlike License,http://creativecommons.org/licenses/by-sa/2.0/,2,1541.34,0.0359,e57a34239a6e83cd43236c6e679a98222129bdd4110816b120544259032f400f
coco_train2017_000000571654.jpg,both,train2017,571654,http://images.cocodataset.org/train2017/000000571654.jpg,http://farm3.staticflickr.com/2485/4250191556_a8b4585e8f_z.jpg,Attribution-NonCommercial-ShareAlike License,http://creativecommons.org/licenses/by-nc-sa/2.0/,2,1741.36,0.0416,24c68550ecaf97eb463793a04a57c70acbfd520573faf9b9baade0a75473a523
coco_train2017_000000252504.jpg,both,train2017,252504,http://images.cocodataset.org/train2017/000000252504.jpg,http://farm1.staticflickr.com/218/455842584_8ffa7cb63d_z.jpg,Attribution-NonCommercial-ShareAlike License,http://creativecommons.org/licenses/by-nc-sa/2.0/,2,1235.42,0.0009,f7fe053bc7affb62fff362663121e6af3c7c6ed101fc8ca5a07b32efd0f9d307
coco_train2017_000000058658.jpg,both,train2017,58658,http://images.cocodataset.org/train2017/000000058658.jpg,http://farm4.staticflickr.com/3176/2777953138_e56f65d292_z.jpg,Attribution License,http://creativecommons.org/licenses/by/2.0/,3,477.75,0.0000,2c30fcd1e5c9f4e39280947b33d35eba6a80e3280b4ff1919e2db16ca5cf7f70
coco_train2017_000000213538.jpg,both,train2017,213538,http://images.cocodataset.org/train2017/000000213538.jpg,http://farm1.staticflickr.com/71/173241036_feb5779771_z.jpg,Attribution-ShareAlike License,http://creativecommons.org/licenses/by-sa/2.0/,3,1348.93,0.0073,5dc7dd9ef13fbd12c3ef2a9c919d03fb57866ec68cb2ae2fd26a8ac9a88e71da
coco_train2017_000000544451.jpg,both,train2017,544451,http://images.cocodataset.org/train2017/000000544451.jpg,http://farm1.staticflickr.com/22/37012274_e5dc2a0ecd_z.jpg,Attribution License,http://creativecommons.org/licenses/by/2.0/,3,1208.89,0.0000,5ab5cbbd429bf3007e3a0136dcaaf5df2b72261628e7c6932306d8fb7e9f1d05
coco_train2017_000000449394.jpg,both,train2017,449394,http://images.cocodataset.org/train2017/000000449394.jpg,http://farm6.staticflickr.com/5053/5426829838_2cbe2beb72_z.jpg,Attribution License,http://creativecommons.org/licenses/by/2.0/,3,2637.79,0.0023,b6cec8c1811faba211e7fe5ff41a57a895f83867bc3fd178016dbc84be1da6ee
coco_train2017_000000202128.jpg,both,train2017,202128,http://images.cocodataset.org/train2017/000000202128.jpg,http://farm7.staticflickr.com/6014/5979311914_212c758349_z.jpg,Attribution-ShareAlike License,http://creativecommons.org/licenses/by-sa/2.0/,3,924.52,0.0015,3b7cd3c5fa785279aed582d9c59e5ace345c85e77607b23bc846995bbcb5c544
coco_train2017_000000415646.jpg,both,train2017,415646,http://images.cocodataset.org/train2017/000000415646.jpg,http://farm5.staticflickr.com/4094/4933482458_4c1af2f7e2_z.jpg,Attribution License,http://creativecommons.org/licenses/by/2.0/,5,742.10,0.0209,bfb508c9ebd816e6aa6f6ad0599a5dbb44f1a014f9bb15232f758ba6c00a740d
coco_train2017_000000541117.jpg,both,train2017,541117,http://images.cocodataset.org/train2017/000000541117.jpg,http://farm4.staticflickr.com/3419/3968000394_343bd72354_z.jpg,Attribution License,http://creativecommons.org/licenses/by/2.0/,2,302.23,0.0000,555a8247a393e7bb9146c4ac11564cb755f9476ce17a1536870569c5b0cf1aed
coco_train2017_000000092217.jpg,both,train2017,92217,http://images.cocodataset.org/train2017/000000092217.jpg,http://farm2.staticflickr.com/1346/616653673_d76797dbc9_z.jpg,Attribution-NonCommercial-ShareAlike License,http://creativecommons.org/licenses/by-nc-sa/2.0/,2,1378.19,0.0000,acdd1782bdc3ced1a50be22ea389bfa3e315340a46976c74a48721ab3656a63b
coco_train2017_000000351159.jpg,both,train2017,351159,http://images.cocodataset.org/train2017/000000351159.jpg,http://farm1.staticflickr.com/25/45959635_a0e6ac1dac_z.jpg,Attribution-NonCommercial-ShareAlike License,http://creativecommons.org/licenses/by-nc-sa/2.0/,2,1440.44,0.0000,bb70e162a3e709ab79cfd15c798db17516757c99a1e1cc35760770ba40e1dcb6
coco_train2017_000000238488.jpg,both,train2017,238488,http://images.cocodataset.org/train2017/000000238488.jpg,http://farm5.staticflickr.com/4002/4662592023_b9ee7630ff_z.jpg,Attribution License,http://creativecommons.org/licenses/by/2.0/,4,1252.20,0.0000,e2efd160d8abde9b91e692f324953d0fdb834d8511abc95d0c8e137d4617f79a
coco_train2017_000000410436.jpg,both,train2017,410436,http://images.cocodataset.org/train2017/000000410436.jpg,http://farm5.staticflickr.com/4047/4407972554_27c384eab0_z.jpg,Attribution License,http://creativecommons.org/licenses/by/2.0/,2,2191.73,0.0439,a30215677bbaebf1352637fe2fd542eb923c91cbd47257b48bc1a4e7c8376ddf
coco_train2017_000000456658.jpg,both,train2017,456658,http://images.cocodataset.org/train2017/000000456658.jpg,http://farm4.staticflickr.com/3470/3395088828_61b5fc4379_z.jpg,Attribution-NonCommercial-ShareAlike License,http://creativecommons.org/licenses/by-nc-sa/2.0/,5,2507.86,0.1253,217202763b675cb53cc4a8040bc72447abd9be28bb57dd6a03702e2a57ada083
coco_train2017_000000501138.jpg,both,train2017,501138,http://images.cocodataset.org/train2017/000000501138.jpg,http://farm3.staticflickr.com/2131/2105756097_2369d9624b_z.jpg,Attribution-NonCommercial-ShareAlike License,http://creativecommons.org/licenses/by-nc-sa/2.0/,3,1956.78,0.0040,511e9eaf3096a7e08df145eb3ef6aa6cda804f6eaebd8c08f90ce19d75613210
coco_train2017_000000400417.jpg,both,train2017,400417,http://images.cocodataset.org/train2017/000000400417.jpg,http://farm3.staticflickr.com/2076/5826744006_c6be455afe_z.jpg,Attribution License,http://creativecommons.org/licenses/by/2.0/,5,958.49,0.0176,59f98c218d4c928a5589bf116b8aab61de50cf6247d96076dfde274ed7c6e2ce
coco_train2017_000000021190.jpg,both,train2017,21190,http://images.cocodataset.org/train2017/000000021190.jpg,http://farm9.staticflickr.com/8097/8355515628_de28811677_z.jpg,Attribution License,http://creativecommons.org/licenses/by/2.0/,2,819.32,0.0273,3bc262e52a044dd8dfb4d68713005a2fda146c14a73734855ab4b30c715ffb0e
coco_train2017_000000448368.jpg,both,train2017,448368,http://images.cocodataset.org/train2017/000000448368.jpg,http://farm2.staticflickr.com/1143/891206126_fa771d4d31_z.jpg,Attribution License,http://creativecommons.org/licenses/by/2.0/,4,1287.14,0.0001,9724db5981d4cd6a7e32f0ed3ac80692d9a2cad368a1248b68685f2c553ab907
coco_train2017_000000177974.jpg,both,train2017,177974,http://images.cocodataset.org/train2017/000000177974.jpg,http://farm6.staticflickr.com/5190/5620803245_d8e698e625_z.jpg,Attribution-NonCommercial-ShareAlike License,http://creativecommons.org/licenses/by-nc-sa/2.0/,2,1121.64,0.0604,aa31ec473d3f06c9036f8fd809d30a19ff76b67fcfd3b0a53212b8b5628c31fc
coco_train2017_000000391175.jpg,both,train2017,391175,http://images.cocodataset.org/train2017/000000391175.jpg,http://farm3.staticflickr.com/2444/3838670038_ca3f875208_z.jpg,Attribution-NonCommercial License,http://creativecommons.org/licenses/by-nc/2.0/,3,838.40,0.0540,ebf01c4bc34ec63e2ad136e0ddd4928dbb5ff093fdd2ab6d87d8b50fdeae69a7
coco_train2017_000000071563.jpg,both,train2017,71563,http://images.cocodataset.org/train2017/000000071563.jpg,http://farm2.staticflickr.com/1330/4728191205_cfdc3549b9_z.jpg,Attribution-NonCommercial-ShareAlike License,http://creativecommons.org/licenses/by-nc-sa/2.0/,3,3106.13,0.0190,72b789df37e7f4e42a6a69e0bc2564278005f1d0e6935ea1c53df03ca7af9787
coco_train2017_000000137967.jpg,both,train2017,137967,http://images.cocodataset.org/train2017/000000137967.jpg,http://farm1.staticflickr.com/36/116553846_ebe895a30d_z.jpg,Attribution-NonCommercial-ShareAlike License,http://creativecommons.org/licenses/by-nc-sa/2.0/,2,930.57,0.0175,d23f8ca22039dc978b151622129e8d610132906f237a6a62fa55dc2c20889b01
coco_train2017_000000228434.jpg,both,train2017,228434,http://images.cocodataset.org/train2017/000000228434.jpg,http://farm3.staticflickr.com/2177/2634935191_550e7eeab5_z.jpg,Attribution License,http://creativecommons.org/licenses/by/2.0/,3,2045.85,0.0000,6aa58692ed1c16c283e24f2c54a88c932e8afc753b90ecf0b3fba0799196c1ec
coco_train2017_000000040988.jpg,both,train2017,40988,http://images.cocodataset.org/train2017/000000040988.jpg,http://farm3.staticflickr.com/2214/2380119435_fcabac8571_z.jpg,Attribution-NonCommercial License,http://creativecommons.org/licenses/by-nc/2.0/,3,1337.45,0.0000,b3b6069b8e1fdc854d2bfd3fc5751c4620f20d3830ccfa7df8da57f1f63d6b87
coco_train2017_000000064659.jpg,both,train2017,64659,http://images.cocodataset.org/train2017/000000064659.jpg,http://farm1.staticflickr.com/122/275050723_b12d9d2619_z.jpg,Attribution-NonCommercial-ShareAlike License,http://creativecommons.org/licenses/by-nc-sa/2.0/,3,1458.39,0.0001,44ceb1fe2f8317078e80ca83a0d8d1b610703aaaa8ca883f7c47ec74b0b0081c
coco_train2017_000000020888.jpg,both,train2017,20888,http://images.cocodataset.org/train2017/000000020888.jpg,http://farm3.staticflickr.com/2175/2280365204_776469bc6f_z.jpg,Attribution-NonCommercial License,http://creativecommons.org/licenses/by-nc/2.0/,2,1297.46,0.0069,8edd7a0da8b797cc384d48149519992a5a9e828ef2396f01f12a05d0529ea43e
coco_train2017_000000307814.jpg,both,train2017,307814,http://images.cocodataset.org/train2017/000000307814.jpg,http://farm4.staticflickr.com/3009/2653339949_ebcae7b770_z.jpg,Attribution-NonCommercial-ShareAlike License,http://creativecommons.org/licenses/by-nc-sa/2.0/,2,1822.66,0.0096,a7624ed5014e253e71f6b19090feaaa1636058d1d8d64da581cbd278ef1d0f51
coco_train2017_000000011849.jpg,both,train2017,11849,http://images.cocodataset.org/train2017/000000011849.jpg,http://farm3.staticflickr.com/2551/3787242866_7f931a5270_z.jpg,Attribution-ShareAlike License,http://creativecommons.org/licenses/by-sa/2.0/,2,875.07,0.3077,e4893feb7c5f41df94cca191f77d2aa51aece0d835a2c450a83871814e6dc3be
coco_val2017_000000275749.jpg,both,val2017,275749,http://images.cocodataset.org/val2017/000000275749.jpg,http://farm1.staticflickr.com/85/245621449_9ab03c5769_z.jpg,Attribution-NonCommercial-ShareAlike License,http://creativecommons.org/licenses/by-nc-sa/2.0/,4,814.92,0.0001,44dbace72db40e09fa0ecb0f39b6da26ff4dd8648cf7ed85d70b0ff65f4afb45
coco_train2017_000000019544.jpg,both,train2017,19544,http://images.cocodataset.org/train2017/000000019544.jpg,http://farm3.staticflickr.com/2259/1579578688_208763e3cc_z.jpg,Attribution License,http://creativecommons.org/licenses/by/2.0/,2,1542.62,0.0024,221947a2fdcef010d8cad922f8db5494d038e915207b71a7883d9fcf1e8d8edf
coco_train2017_000000037367.jpg,both,train2017,37367,http://images.cocodataset.org/train2017/000000037367.jpg,http://farm6.staticflickr.com/5282/5370802527_e0a93b7ec4_z.jpg,Attribution License,http://creativecommons.org/licenses/by/2.0/,2,592.75,0.0508,bf4aff524aeec5679841dc035dccbb433cd8a3965961f7e2f2e6befb9d9f8bc1
coco_train2017_000000357992.jpg,both,train2017,357992,http://images.cocodataset.org/train2017/000000357992.jpg,http://farm4.staticflickr.com/3087/2824314118_8ab347f069_z.jpg,Attribution License,http://creativecommons.org/licenses/by/2.0/,2,934.66,0.0471,591a8e90186eb8f446b11a24cbef950fbff33f003b8e66b40463f32b2d4519ab
coco_train2017_000000326210.jpg,both,train2017,326210,http://images.cocodataset.org/train2017/000000326210.jpg,http://farm5.staticflickr.com/4146/5435826742_742c4e2d9f_z.jpg,Attribution-NonCommercial License,http://creativecommons.org/licenses/by-nc/2.0/,2,2764.65,0.0129,4dba42d813ceccfadb4b94bb57df568c55f00fd0b78964e2a2f3df40d7da1855
coco_train2017_000000555080.jpg,both,train2017,555080,http://images.cocodataset.org/train2017/000000555080.jpg,http://farm3.staticflickr.com/2880/9471628781_e5ac26cd6d_z.jpg,Attribution-ShareAlike License,http://creativecommons.org/licenses/by-sa/2.0/,2,1723.55,0.0000,449776a1e0bd6abe01a12ab10631d639e9e21559e388cdf481f5454c4a178872
coco_train2017_000000009527.jpg,both,train2017,9527,http://images.cocodataset.org/train2017/000000009527.jpg,http://farm2.staticflickr.com/1031/1136852988_4ffc2ae136_z.jpg,Attribution-NonCommercial License,http://creativecommons.org/licenses/by-nc/2.0/,2,1547.06,0.0095,1bbe7c9e42b6e7bcf2004f3b528196926fecc1fec64d441e873e60e46ac9fa84
coco_train2017_000000030947.jpg,both,train2017,30947,http://images.cocodataset.org/train2017/000000030947.jpg,http://farm1.staticflickr.com/8/6624050_70b6a02a45_z.jpg,Attribution-NonCommercial-ShareAlike License,http://creativecommons.org/licenses/by-nc-sa/2.0/,2,651.35,0.0297,f0216fdb45612ab86dad89f4e7335d46f572f8a1ccf4a7706bc8e846e321660c
coco_train2017_000000474472.jpg,both,train2017,474472,http://images.cocodataset.org/train2017/000000474472.jpg,http://farm1.staticflickr.com/119/311591102_596e1654c5_z.jpg,Attribution-ShareAlike License,http://creativecommons.org/licenses/by-sa/2.0/,3,1169.63,0.0012,e98b0b9fdc4c0131978166967a8e0bc3561f18da91c17832d8134b2b1ea5abfa
coco_train2017_000000074894.jpg,both,train2017,74894,http://images.cocodataset.org/train2017/000000074894.jpg,http://farm4.staticflickr.com/3191/2848684779_867db91c95_z.jpg,Attribution-NonCommercial-ShareAlike License,http://creativecommons.org/licenses/by-nc-sa/2.0/,2,1895.24,0.0001,1d971eb7e21649b79737b16ffb58856c5d3bb403762a20173b2fe717a1854d46
coco_train2017_000000038276.jpg,both,train2017,38276,http://images.cocodataset.org/train2017/000000038276.jpg,http://farm1.staticflickr.com/196/463630789_9a57d10fe8_z.jpg,Attribution-NonCommercial License,http://creativecommons.org/licenses/by-nc/2.0/,3,1508.37,0.0000,3d72bd7703663aba29aa502b1de1679cf3f1a03f9383ade86bde9d2683dfabd7
coco_train2017_000000424542.jpg,both,train2017,424542,http://images.cocodataset.org/train2017/000000424542.jpg,http://farm1.staticflickr.com/114/278573296_6325e42567_z.jpg,Attribution-NonCommercial-ShareAlike License,http://creativecommons.org/licenses/by-nc-sa/2.0/,3,1412.39,0.0201,986c8efd0a1704f861c2332b0fa1c80b9487225eaf681e7bb30ededba6076429
coco_train2017_000000074080.jpg,both,train2017,74080,http://images.cocodataset.org/train2017/000000074080.jpg,http://farm2.staticflickr.com/1145/891202924_668eaac429_z.jpg,Attribution License,http://creativecommons.org/licenses/by/2.0/,3,1313.01,0.0001,c485036c35aadc08970f1477ee140b0cf52cbae04185a8a577e16bcbc212e960
coco_train2017_000000187878.jpg,both,train2017,187878,http://images.cocodataset.org/train2017/000000187878.jpg,http://farm4.staticflickr.com/3121/3100391531_9452d02e51_z.jpg,Attribution-NonCommercial License,http://creativecommons.org/licenses/by-nc/2.0/,3,1262.24,0.0369,97908c8186c7cfe95e71ae690985c45f8bf691c9c718afe10922e04669370cab
coco_train2017_000000166244.jpg,both,train2017,166244,http://images.cocodataset.org/train2017/000000166244.jpg,http://farm6.staticflickr.com/5326/8411967018_4e1fd23e8b_z.jpg,Attribution-NonCommercial-ShareAlike License,http://creativecommons.org/licenses/by-nc-sa/2.0/,3,1868.36,0.0485,3268db6ef944b571f0e78f6dcdc209fd6f4e1487ed0c45390408e87e8e7faba7
coco_train2017_000000249506.jpg,both,train2017,249506,http://images.cocodataset.org/train2017/000000249506.jpg,http://farm1.staticflickr.com/28/43175568_a1247880cc_z.jpg,Attribution-NonCommercial-ShareAlike License,http://creativecommons.org/licenses/by-nc-sa/2.0/,3,965.51,0.0127,7aa524d9f446fc83b6a7dee5798de568e94bac7ac58020a6fbbfac22d9214567
coco_train2017_000000062376.jpg,both,train2017,62376,http://images.cocodataset.org/train2017/000000062376.jpg,http://farm1.staticflickr.com/22/27995066_0f04960da9_z.jpg,Attribution-NonCommercial License,http://creativecommons.org/licenses/by-nc/2.0/,2,1275.23,0.0014,760e64a1d76f52d15c2755393cca43ba483cf65971fa2d157614da68e526c848
coco_train2017_000000432424.jpg,both,train2017,432424,http://images.cocodataset.org/train2017/000000432424.jpg,http://farm4.staticflickr.com/3034/3603566221_399b5ce11a_z.jpg,Attribution License,http://creativecommons.org/licenses/by/2.0/,3,739.71,0.0000,98f11865dee756528ed66ad23f6b6439920486778dcc3f981fe3b6cea0c1d5b1
coco_train2017_000000125311.jpg,both,train2017,125311,http://images.cocodataset.org/train2017/000000125311.jpg,http://farm7.staticflickr.com/6194/6105688172_0c45d085eb_z.jpg,Attribution-NonCommercial-ShareAlike License,http://creativecommons.org/licenses/by-nc-sa/2.0/,3,2735.94,0.0287,114151821c11a5c5348497b0910cf632e7ef4cf6750390e7cdba7aeb02f86ec8
coco_train2017_000000276488.jpg,both,train2017,276488,http://images.cocodataset.org/train2017/000000276488.jpg,http://farm1.staticflickr.com/28/51911436_19fdf9669a_z.jpg,Attribution-NonCommercial License,http://creativecommons.org/licenses/by-nc/2.0/,2,2126.79,0.0482,3877da794afe9783ecab8ca42b5d5414b4aecff6fb52d54adfc7936fcb74320a
coco_train2017_000000410576.jpg,both,train2017,410576,http://images.cocodataset.org/train2017/000000410576.jpg,http://farm3.staticflickr.com/2320/2211859278_a313b40e79_z.jpg,Attribution-NonCommercial License,http://creativecommons.org/licenses/by-nc/2.0/,3,1114.69,0.0000,336a75d69c82d406eea69ef8bba5f71d5beb7824a480fe9b639ea8869fd8be19
coco_train2017_000000451826.jpg,both,train2017,451826,http://images.cocodataset.org/train2017/000000451826.jpg,http://farm7.staticflickr.com/6067/6145197075_bfe72ea8cf_z.jpg,Attribution-NonCommercial-ShareAlike License,http://creativecommons.org/licenses/by-nc-sa/2.0/,2,2117.03,0.0967,39e6986c5836954be6fa20f23c8baef678b1e0423858f63a559a162f8070cce1
coco_train2017_000000189376.jpg,both,train2017,189376,http://images.cocodataset.org/train2017/000000189376.jpg,http://farm1.staticflickr.com/192/492151461_ee628581ed_z.jpg,Attribution-NonCommercial-ShareAlike License,http://creativecommons.org/licenses/by-nc-sa/2.0/,3,1883.87,0.0710,519860ad2b9d8cb7d43d17bd014e93a356b704d2aebe83ddc8a92ea10a1cb9f0
coco_val2017_000000363840.jpg,both,val2017,363840,http://images.cocodataset.org/val2017/000000363840.jpg,http://farm3.staticflickr.com/2797/4256603007_6fbbea22de_z.jpg,Attribution License,http://creativecommons.org/licenses/by/2.0/,3,2837.47,0.2187,231e12c229c2f84c186085b320a6a8dcaa3d4763bbd09940204121379a5b3e11
coco_train2017_000000508568.jpg,both,train2017,508568,http://images.cocodataset.org/train2017/000000508568.jpg,http://farm1.staticflickr.com/24/53912488_158afe2ca8_z.jpg,Attribution License,http://creativecommons.org/licenses/by/2.0/,3,631.08,0.0000,367dc581af54beb70192f2c26a45825e8bb3011bf8c1bd9d27f8593779101f83
coco_train2017_000000451053.jpg,both,train2017,451053,http://images.cocodataset.org/train2017/000000451053.jpg,http://farm3.staticflickr.com/2260/1535960661_80f6d8efb7_z.jpg,Attribution-NonCommercial-ShareAlike License,http://creativecommons.org/licenses/by-nc-sa/2.0/,2,2453.98,0.0058,57adc684b8864d153928fcddcf4bc8a2fe5b139421d3157de82184891feda9db
coco_train2017_000000056828.jpg,both,train2017,56828,http://images.cocodataset.org/train2017/000000056828.jpg,http://farm2.staticflickr.com/1072/4729420376_f16a85c161_z.jpg,Attribution License,http://creativecommons.org/licenses/by/2.0/,2,248.28,0.0013,d7ddca8a02b5de011cd5d0bf27e0e8eea8a8c6ca35a9ba35076d3a95c9457b6f
coco_train2017_000000354059.jpg,both,train2017,354059,http://images.cocodataset.org/train2017/000000354059.jpg,http://farm3.staticflickr.com/2499/4150050990_4696823640_z.jpg,Attribution-NonCommercial License,http://creativecommons.org/licenses/by-nc/2.0/,3,1017.76,0.0068,ae18aae5e460a1f96b6b711e6355aa3aa75511acab0cd53da8f46a277ff6589f
coco_train2017_000000454388.jpg,both,train2017,454388,http://images.cocodataset.org/train2017/000000454388.jpg,http://farm4.staticflickr.com/3107/3215033694_d9b63c7d3d_z.jpg,Attribution-NonCommercial License,http://creativecommons.org/licenses/by-nc/2.0/,3,2341.77,0.0000,d2d29daa84f59f346665cfac4db885c06cc242e070e7dca3d7e0677fac7e1264
coco_train2017_000000424485.jpg,both,train2017,424485,http://images.cocodataset.org/train2017/000000424485.jpg,http://farm4.staticflickr.com/3074/2434762190_56c0c1da08_z.jpg,Attribution-NonCommercial-ShareAlike License,http://creativecommons.org/licenses/by-nc-sa/2.0/,3,2137.04,0.0214,787393ca815b8ed2fb0d77f71984cf78b150c86f69c7eca54dc4ae2c7e1a93e0
coco_train2017_000000278219.jpg,both,train2017,278219,http://images.cocodataset.org/train2017/000000278219.jpg,http://farm5.staticflickr.com/4101/4866998564_f78284128c_z.jpg,Attribution-NonCommercial-ShareAlike License,http://creativecommons.org/licenses/by-nc-sa/2.0/,2,2174.90,0.0000,70c1d9b27fa78c071544aac5d38ffdcbeb210d1f38264aed309ade8430123001
coco_train2017_000000211850.jpg,both,train2017,211850,http://images.cocodataset.org/train2017/000000211850.jpg,http://farm5.staticflickr.com/4085/5042660182_300423524e_z.jpg,Attribution-NonCommercial-ShareAlike License,http://creativecommons.org/licenses/by-nc-sa/2.0/,3,2112.62,0.0114,1f804fb25d52331e1174406e4ae25e963f52a0d0c55404154dedbb8435e19fd9
coco_train2017_000000243796.jpg,both,train2017,243796,http://images.cocodataset.org/train2017/000000243796.jpg,http://farm4.staticflickr.com/3104/3109505071_849b9798c7_z.jpg,Attribution-NonCommercial-ShareAlike License,http://creativecommons.org/licenses/by-nc-sa/2.0/,3,2046.09,0.0139,169939fa4e4c538301490819134ce125d05fa227536ea602d4db6ea15229081b
coco_train2017_000000577762.jpg,both,train2017,577762,http://images.cocodataset.org/train2017/000000577762.jpg,http://farm3.staticflickr.com/2439/3820194961_978c6060ee_z.jpg,Attribution-NonCommercial-ShareAlike License,http://creativecommons.org/licenses/by-nc-sa/2.0/,3,1617.22,0.0076,c11c2c6cb8870ead99263e766be814df7d106aa815ba816587317fef5a271ec8
coco_train2017_000000379508.jpg,both,train2017,379508,http://images.cocodataset.org/train2017/000000379508.jpg,http://farm1.staticflickr.com/35/71065794_2a816494c3_z.jpg,Attribution-NonCommercial-ShareAlike License,http://creativecommons.org/licenses/by-nc-sa/2.0/,2,1664.87,0.0000,e7069257854a6520908d3f93e82fa02328c1e540d1429e7d38d5c7c96c0d25fe
coco_train2017_000000286120.jpg,both,train2017,286120,http://images.cocodataset.org/train2017/000000286120.jpg,http://farm2.staticflickr.com/1160/701581499_4264b6316d_z.jpg,Attribution-NonCommercial-ShareAlike License,http://creativecommons.org/licenses/by-nc-sa/2.0/,2,1360.88,0.0891,b3e8672d7837bf11e069b7b276f18c36ff9a8febd7398758e036badabc75b195
coco_train2017_000000319096.jpg,both,train2017,319096,http://images.cocodataset.org/train2017/000000319096.jpg,http://farm2.staticflickr.com/1107/630311005_fe870d2d63_z.jpg,Attribution-NonCommercial License,http://creativecommons.org/licenses/by-nc/2.0/,2,670.41,0.0000,85942174de112a0dbf56335793215ccd5b6159e1befb9bc6feb7db9afd69961b
coco_train2017_000000381192.jpg,both,train2017,381192,http://images.cocodataset.org/train2017/000000381192.jpg,http://farm2.staticflickr.com/1338/1401249466_8eff171116_z.jpg,Attribution-NonCommercial-ShareAlike License,http://creativecommons.org/licenses/by-nc-sa/2.0/,3,1871.41,0.0312,4ea0b6839a76e5450401384f588387d48b7a7264fabab7b2dbf2379ffef05584
coco_train2017_000000272647.jpg,both,train2017,272647,http://images.cocodataset.org/train2017/000000272647.jpg,http://farm2.staticflickr.com/1363/1491309935_74c921dd30_z.jpg,Attribution License,http://creativecommons.org/licenses/by/2.0/,3,2174.66,0.0242,e6e68718e4ef7f907dd879a685948720c6fa96aae67d6f6f77e49302abbcdf20
coco_train2017_000000512240.jpg,both,train2017,512240,http://images.cocodataset.org/train2017/000000512240.jpg,http://farm3.staticflickr.com/2541/4225105559_f0e487c1d8_z.jpg,Attribution-NonCommercial-ShareAlike License,http://creativecommons.org/licenses/by-nc-sa/2.0/,3,2277.10,0.0012,b411e83bd4dab0db215f62b72d2b4c602cede58f20ad22e644c3b32ecb693091
coco_train2017_000000486457.jpg,both,train2017,486457,http://images.cocodataset.org/train2017/000000486457.jpg,http://farm4.staticflickr.com/3568/3442639439_e75056564d_z.jpg,Attribution-ShareAlike License,http://creativecommons.org/licenses/by-sa/2.0/,3,887.86,0.0006,b2e056a161dce829402db43dc4da93beac129cd5a36b26a5291c893d7f5cbd57
coco_train2017_000000275795.jpg,both,train2017,275795,http://images.cocodataset.org/train2017/000000275795.jpg,http://farm2.staticflickr.com/1294/1333940766_3bc3898863_z.jpg,Attribution License,http://creativecommons.org/licenses/by/2.0/,3,1492.03,0.0002,29a8733ecb7cfa8394d70df56cf47ac058d9b4e00a751d1e315d4e05f51f61c5
coco_train2017_000000276057.jpg,both,train2017,276057,http://images.cocodataset.org/train2017/000000276057.jpg,http://farm1.staticflickr.com/82/253487564_3abd31529d_z.jpg,Attribution License,http://creativecommons.org/licenses/by/2.0/,3,872.29,0.0514,e76c42a711bf1bbe7bf19343e2e67e04d14bea0a67fa33d7cf78f1129349b572
coco_train2017_000000198611.jpg,both,train2017,198611,http://images.cocodataset.org/train2017/000000198611.jpg,http://farm3.staticflickr.com/2362/2503682611_f61794e5d4_z.jpg,Attribution-ShareAlike License,http://creativecommons.org/licenses/by-sa/2.0/,3,1011.84,0.0000,df072b533392269246eede3cce4aacecbcb398ca7e6daca7fbe2c38a01cf9d21
coco_val2017_000000027620.jpg,both,val2017,27620,http://images.cocodataset.org/val2017/000000027620.jpg,http://farm2.staticflickr.com/1052/1338060761_ababfaeb9b_z.jpg,Attribution-ShareAlike License,http://creativecommons.org/licenses/by-sa/2.0/,2,1246.13,0.0000,035a452ad79eb267a669fad48b220b1bf7d2e3500a5d736a195dc007df01bbfe
coco_train2017_000000250108.jpg,both,train2017,250108,http://images.cocodataset.org/train2017/000000250108.jpg,http://farm1.staticflickr.com/18/92714041_ea63d5d400_z.jpg,Attribution-NonCommercial-ShareAlike License,http://creativecommons.org/licenses/by-nc-sa/2.0/,3,2345.79,0.0000,3c44971f7f41a3a852c86a12c30165b85916c5df6830066bbf8e3f49486b57ef
coco_train2017_000000304150.jpg,both,train2017,304150,http://images.cocodataset.org/train2017/000000304150.jpg,http://farm5.staticflickr.com/4073/4775364768_36ec9994ff_z.jpg,Attribution-NonCommercial License,http://creativecommons.org/licenses/by-nc/2.0/,3,3307.81,0.0034,42debaa5821b7c692be831b1829dce25c1df54cb09c5ebdbeb7fa0e627bb436b
coco_train2017_000000037789.jpg,both,train2017,37789,http://images.cocodataset.org/train2017/000000037789.jpg,http://farm1.staticflickr.com/186/436775071_ad5dc1a015_z.jpg,Attribution License,http://creativecommons.org/licenses/by/2.0/,2,768.75,0.0118,3a2d30593ede9ec0ad4093e5c3561d6713e7755195f6f76526b61a9579a1cff7
coco_train2017_000000213207.jpg,both,train2017,213207,http://images.cocodataset.org/train2017/000000213207.jpg,http://farm4.staticflickr.com/3601/3377601366_6e8a97fab8_z.jpg,Attribution-NonCommercial License,http://creativecommons.org/licenses/by-nc/2.0/,3,1877.60,0.0206,ec33e903b41305711f603ebd1120cf480a3986736c658dc879f31c667c370a2f
coco_train2017_000000538210.jpg,both,train2017,538210,http://images.cocodataset.org/train2017/000000538210.jpg,http://farm1.staticflickr.com/28/100850903_d3d51edc35_z.jpg,Attribution-NonCommercial License,http://creativecommons.org/licenses/by-nc/2.0/,2,1225.10,0.0000,b6e18f34ddcb4dc8b56c7e57103b24d442d6336a89c3d1dc347b9f44b02c16d6
coco_train2017_000000292792.jpg,both,train2017,292792,http://images.cocodataset.org/train2017/000000292792.jpg,http://farm1.staticflickr.com/11/14293447_c168fd1cd0_z.jpg,Attribution-NonCommercial-ShareAlike License,http://creativecommons.org/licenses/by-nc-sa/2.0/,3,2306.93,0.0050,5f394781518183be5d2b5f4a6b6d7d21d3782f56ae9c9bfd484fa2db8600d1b9
coco_train2017_000000110536.jpg,both,train2017,110536,http://images.cocodataset.org/train2017/000000110536.jpg,http://farm7.staticflickr.com/6194/6087290745_7ca57141ee_z.jpg,Attribution-NonCommercial-ShareAlike License,http://creativecommons.org/licenses/by-nc-sa/2.0/,2,2491.94,0.0000,92bea7358fb00d1b5f4800e0465ec6e89196fa7bc0988b29704aba210bcdfcb8
coco_train2017_000000006608.jpg,both,train2017,6608,http://images.cocodataset.org/train2017/000000006608.jpg,http://farm4.staticflickr.com/3023/5871693329_493a1358de_z.jpg,Attribution-NonCommercial-ShareAlike License,http://creativecommons.org/licenses/by-nc-sa/2.0/,3,1814.84,0.0378,3f0f71662b26236f82f9732fd362915dd1f1918fb578a475ca240d1113b5ad01
coco_train2017_000000052183.jpg,both,train2017,52183,http://images.cocodataset.org/train2017/000000052183.jpg,http://farm5.staticflickr.com/4142/4824030761_e89f3c7dc3_z.jpg,Attribution License,http://creativecommons.org/licenses/by/2.0/,2,1777.94,0.0012,a1e4f2afe554d2540750d51aa08b0bceab1329a3c30d804d574f36f5cc04e955
coco_train2017_000000038353.jpg,both,train2017,38353,http://images.cocodataset.org/train2017/000000038353.jpg,http://farm5.staticflickr.com/4029/4388634422_c1c94f41d6_z.jpg,Attribution License,http://creativecommons.org/licenses/by/2.0/,3,1364.38,0.0000,d59e163c8037579edecf00a0ccee8eeb049b1206bb7efa01e33c69e02d23c0d8
coco_train2017_000000159198.jpg,both,train2017,159198,http://images.cocodataset.org/train2017/000000159198.jpg,http://farm5.staticflickr.com/4050/4547216188_74998e9a5b_z.jpg,Attribution-NonCommercial-ShareAlike License,http://creativecommons.org/licenses/by-nc-sa/2.0/,3,1135.04,0.0081,ef0d397366e75f4f52873bb77ba9543a72b37f9f248d9d1aad509ac955c0e1a2
coco_train2017_000000466580.jpg,both,train2017,466580,http://images.cocodataset.org/train2017/000000466580.jpg,http://farm4.staticflickr.com/3276/2625977101_98b5f07d21_z.jpg,Attribution-NonCommercial License,http://creativecommons.org/licenses/by-nc/2.0/,3,3559.04,0.0229,62d28930e68f23aa643f31f9634f5d509ae704b1ae614a940dbd38e57c9f5ede
coco_train2017_000000482242.jpg,both,train2017,482242,http://images.cocodataset.org/train2017/000000482242.jpg,http://farm1.staticflickr.com/145/354685962_5f09b4e780_z.jpg,Attribution-NonCommercial-ShareAlike License,http://creativecommons.org/licenses/by-nc-sa/2.0/,2,2345.80,0.0089,1b81bdcf6494649212496d4b7c3b7e63d71066e61001e632536214c93941ef80
coco_train2017_000000214087.jpg,both,train2017,214087,http://images.cocodataset.org/train2017/000000214087.jpg,http://farm8.staticflickr.com/7174/6464017911_b017d2d8f7_z.jpg,Attribution License,http://creativecommons.org/licenses/by/2.0/,3,1978.81,0.0295,c3084ceab94fdd31d15aafd788f95c5068bb4968ccf93475e828ba3bea8921ab
coco_train2017_000000566324.jpg,both,train2017,566324,http://images.cocodataset.org/train2017/000000566324.jpg,http://farm1.staticflickr.com/25/44101107_9491d72776_z.jpg,Attribution-NonCommercial License,http://creativecommons.org/licenses/by-nc/2.0/,3,1348.13,0.0612,433724092b30ff3db2e7f2fdd7355ad293995feb4c55724f2ee00e57d00c6470
coco_train2017_000000277795.jpg,both,train2017,277795,http://images.cocodataset.org/train2017/000000277795.jpg,http://farm4.staticflickr.com/3158/2591964489_c400f803f0_z.jpg,Attribution-ShareAlike License,http://creativecommons.org/licenses/by-sa/2.0/,2,1963.39,0.0000,6c88f2188ec36e0279c0b4af2101e54a4071cd69079800c7062ed4b42dd85d2f
coco_val2017_000000097994.jpg,both,val2017,97994,http://images.cocodataset.org/val2017/000000097994.jpg,http://farm3.staticflickr.com/2325/5723995240_7382f64328_z.jpg,Attribution-NonCommercial License,http://creativecommons.org/licenses/by-nc/2.0/,2,907.34,0.0323,bcc6c62fe3750227cd9cb23a1ed86c148f648c6ef825e26434c971880a2ae711
coco_train2017_000000193193.jpg,both,train2017,193193,http://images.cocodataset.org/train2017/000000193193.jpg,http://farm1.staticflickr.com/121/293727614_26c59cc11b_z.jpg,Attribution-NonCommercial License,http://creativecommons.org/licenses/by-nc/2.0/,2,1736.35,0.0000,2a95f7f80890f08bce7e4a47129807ff0208773dc37293ad1bdf98345cace8c1
coco_train2017_000000369309.jpg,both,train2017,369309,http://images.cocodataset.org/train2017/000000369309.jpg,http://farm1.staticflickr.com/37/98807619_a73fd91b8c_z.jpg,Attribution-NonCommercial-ShareAlike License,http://creativecommons.org/licenses/by-nc-sa/2.0/,2,2527.86,0.0603,5fcf6d3b4aafcbc4b091b9bd35e41da98d42866943981f1e77d35433ae8353d3
coco_train2017_000000280761.jpg,both,train2017,280761,http://images.cocodataset.org/train2017/000000280761.jpg,http://farm1.staticflickr.com/196/479752421_5f49a9ec54_z.jpg,Attribution-NonCommercial License,http://creativecommons.org/licenses/by-nc/2.0/,2,2765.34,0.0096,436adc6f32d3985b4cb670ead5464dce865e3364464ddda5bcc5befc52802935
coco_train2017_000000141946.jpg,both,train2017,141946,http://images.cocodataset.org/train2017/000000141946.jpg,http://farm5.staticflickr.com/4069/4718790745_cd9b514137_z.jpg,Attribution-NonCommercial-ShareAlike License,http://creativecommons.org/licenses/by-nc-sa/2.0/,2,1141.08,0.0200,f8795fa1a8294e625c9fc1e9def20b5b15a802eefdb839bdbb49bb2e681ad22b
coco_train2017_000000159346.jpg,both,train2017,159346,http://images.cocodataset.org/train2017/000000159346.jpg,http://farm4.staticflickr.com/3076/2865996600_515e291d92_z.jpg,Attribution-NonCommercial-ShareAlike License,http://creativecommons.org/licenses/by-nc-sa/2.0/,2,1944.22,0.0014,98a27324543152da18ba5570109d8cdf4631d535a8c70cd38aa968090edcb96f
coco_train2017_000000377570.jpg,both,train2017,377570,http://images.cocodataset.org/train2017/000000377570.jpg,http://farm3.staticflickr.com/2363/1577789673_906fb9b83f_z.jpg,Attribution-NonCommercial-ShareAlike License,http://creativecommons.org/licenses/by-nc-sa/2.0/,2,2491.71,0.0002,b2b80360f2653bee6a535113018fd43e2cf56472105eb7a29de49230f5905978
coco_train2017_000000070459.jpg,both,train2017,70459,http://images.cocodataset.org/train2017/000000070459.jpg,http://farm6.staticflickr.com/5321/7199135804_c160f5afc7_z.jpg,Attribution-NonCommercial-ShareAlike License,http://creativecommons.org/licenses/by-nc-sa/2.0/,2,2227.59,0.0001,c5826fcf172efa61333d5633ba22c1c5c3b078b1179fb20233d5aa7e126dbba6
coco_train2017_000000547639.jpg,both,train2017,547639,http://images.cocodataset.org/train2017/000000547639.jpg,http://farm4.staticflickr.com/3462/3843766670_dfc089976a_z.jpg,Attribution-NonCommercial-ShareAlike License,http://creativecommons.org/licenses/by-nc-sa/2.0/,8,1726.96,0.0390,4253f27e8f6984e38f8b50b56bef1829c4e491b23b6e860a0895d4f8dbbcff81
coco_train2017_000000035094.jpg,both,train2017,35094,http://images.cocodataset.org/train2017/000000035094.jpg,http://farm4.staticflickr.com/3271/2744405053_2122ab83f6_z.jpg,Attribution License,http://creativecommons.org/licenses/by/2.0/,2,3506.98,0.0000,2dc49d1b82367dc12c0c17b33da1a69988daf8562a84787faacf461aeae01bdc
coco_train2017_000000121661.jpg,both,train2017,121661,http://images.cocodataset.org/train2017/000000121661.jpg,http://farm1.staticflickr.com/53/165637152_018ad5f588_z.jpg,Attribution-ShareAlike License,http://creativecommons.org/licenses/by-sa/2.0/,2,707.27,0.0312,1966051488d93d132ae4a43213f552672d0ea387c898b92e0e9fb0dce004c165
coco_train2017_000000254134.jpg,both,train2017,254134,http://images.cocodataset.org/train2017/000000254134.jpg,http://farm4.staticflickr.com/3187/2768673621_0167698001_z.jpg,Attribution-NonCommercial-ShareAlike License,http://creativecommons.org/licenses/by-nc-sa/2.0/,2,1664.94,0.0005,1402ef971c04af1f18ff1333a073ba548b509ee55e282d21c45d8568176df6bb
coco_train2017_000000075285.jpg,both,train2017,75285,http://images.cocodataset.org/train2017/000000075285.jpg,http://farm2.staticflickr.com/1186/539514684_a04bb78e71_z.jpg,Attribution-NonCommercial-ShareAlike License,http://creativecommons.org/licenses/by-nc-sa/2.0/,2,954.57,0.0000,e6b478e84be8cb4c15068196a72555da2f4c82f2235dd88da12a0a5c35ade686
coco_train2017_000000153985.jpg,both,train2017,153985,http://images.cocodataset.org/train2017/000000153985.jpg,http://farm1.staticflickr.com/80/214973431_aed54e5537_z.jpg,Attribution-NonCommercial-ShareAlike License,http://creativecommons.org/licenses/by-nc-sa/2.0/,2,1686.30,0.0230,06364ad66a85fc90cffd957b85be9cdcf67b5b56fd6d5e3ecc85d5744fc147e6
coco_train2017_000000121613.jpg,both,train2017,121613,http://images.cocodataset.org/train2017/000000121613.jpg,http://farm4.staticflickr.com/3040/3410024503_f9d56493d9_z.jpg,Attribution License,http://creativecommons.org/licenses/by/2.0/,2,2507.48,0.0361,f1e220f0b8668fa0b678a45942bad321b820d2e57f62eb0dff6db8fbff96acbc
coco_train2017_000000510320.jpg,both,train2017,510320,http://images.cocodataset.org/train2017/000000510320.jpg,http://farm4.staticflickr.com/3404/3251914121_dc45d6bf58_z.jpg,Attribution License,http://creativecommons.org/licenses/by/2.0/,2,2690.70,0.0000,d6095245559046b33913f4f78809052ec5f77efcc630f9ece15ff402feebf444
coco_train2017_000000161386.jpg,both,train2017,161386,http://images.cocodataset.org/train2017/000000161386.jpg,http://farm1.staticflickr.com/42/101357137_101cbf3976_z.jpg,Attribution-NonCommercial-ShareAlike License,http://creativecommons.org/licenses/by-nc-sa/2.0/,2,719.27,0.0000,8b9dfdc4c9076c03025355a9d010d0e15e55fb26ea211eb2e428f28d08cfb7e1
coco_train2017_000000158384.jpg,both,train2017,158384,http://images.cocodataset.org/train2017/000000158384.jpg,http://farm2.staticflickr.com/1384/812050398_07562562a5_z.jpg,Attribution-ShareAlike License,http://creativecommons.org/licenses/by-sa/2.0/,2,1651.74,0.0032,beb7db1d60863df6563489bd1e9b15d52c02f596b4468563e11c1b82d684d874
coco_train2017_000000174745.jpg,both,train2017,174745,http://images.cocodataset.org/train2017/000000174745.jpg,http://farm1.staticflickr.com/23/26366288_7f359f081f_z.jpg,Attribution-ShareAlike License,http://creativecommons.org/licenses/by-sa/2.0/,2,1092.10,0.0250,36cb58c5a0c90a4142aca8f46ac5623abe96edc87f8c5c174a209d7de0161561
coco_train2017_000000444941.jpg,both,train2017,444941,http://images.cocodataset.org/train2017/000000444941.jpg,http://farm1.staticflickr.com/23/24593375_d0cfc7ac51_z.jpg,Attribution License,http://creativecommons.org/licenses/by/2.0/,2,3413.41,0.0090,3169653b6d21de30a114c4df5a47dc9419f27629cdc5e294d95f97e5e154691c
coco_train2017_000000380449.jpg,both,train2017,380449,http://images.cocodataset.org/train2017/000000380449.jpg,http://farm4.staticflickr.com/3571/3390919015_a594f202d5_z.jpg,Attribution-NonCommercial-ShareAlike License,http://creativecommons.org/licenses/by-nc-sa/2.0/,2,1653.79,0.0000,4c112652b773d7f94045d1cb77d5f0919a9d51ee3f53b1613d188251d5e5dad7
coco_train2017_000000173069.jpg,both,train2017,173069,http://images.cocodataset.org/train2017/000000173069.jpg,http://farm3.staticflickr.com/2480/3908687100_9c7214acf7_z.jpg,Attribution-NonCommercial License,http://creativecommons.org/licenses/by-nc/2.0/,2,2160.90,0.0000,5b43222cd6de8b38fe87261d2dd1ec4cd1f6c6abf6d948e18ba45ed3f9bd8003
coco_train2017_000000279777.jpg,both,train2017,279777,http://images.cocodataset.org/train2017/000000279777.jpg,http://farm6.staticflickr.com/5187/5832572765_43a1e81e96_z.jpg,Attribution-ShareAlike License,http://creativecommons.org/licenses/by-sa/2.0/,2,952.57,0.0001,9dd231a62e9a49e505e867da1db55cca255d351ccb4f37f81b24d40680dc88d2
coco_train2017_000000333580.jpg,both,train2017,333580,http://images.cocodataset.org/train2017/000000333580.jpg,http://farm5.staticflickr.com/4130/5394114231_dde3a052d8_z.jpg,Attribution-NonCommercial-ShareAlike License,http://creativecommons.org/licenses/by-nc-sa/2.0/,2,1337.93,0.0621,2045a3fb890ef0a3f338b3057d5966ac54a9f32e374c671047f01f466614bda8
coco_train2017_000000267932.jpg,both,train2017,267932,http://images.cocodataset.org/train2017/000000267932.jpg,http://farm3.staticflickr.com/2197/2072119747_e625bab3d7_z.jpg,Attribution-ShareAlike License,http://creativecommons.org/licenses/by-sa/2.0/,2,550.14,0.0000,b74a69b26d5274934995795bd12ff6d8076b889137013f0f3e1a2cdb8aa6cd04
coco_train2017_000000496766.jpg,both,train2017,496766,http://images.cocodataset.org/train2017/000000496766.jpg,http://farm1.staticflickr.com/121/281077095_3bed136436_z.jpg,Attribution License,http://creativecommons.org/licenses/by/2.0/,2,1939.45,0.1328,9231dea40308114176ac988259b3c2c000f0ca3b138e89d3375e78631f130395
coco_train2017_000000169872.jpg,both,train2017,169872,http://images.cocodataset.org/train2017/000000169872.jpg,http://farm4.staticflickr.com/3546/3461797825_0219c6fbfe_z.jpg,Attribution-NonCommercial License,http://creativecommons.org/licenses/by-nc/2.0/,2,2111.74,0.0153,6e5fbf6c196aaa49a6534f63657e131e87a0b62f6dae6adb90775b150af8da2b
coco_train2017_000000471952.jpg,both,train2017,471952,http://images.cocodataset.org/train2017/000000471952.jpg,http://farm1.staticflickr.com/201/503998685_7a41033ddf_z.jpg,Attribution License,http://creativecommons.org/licenses/by/2.0/,2,1156.51,0.0042,2543dd12d13f6f3af90d10974a7be5eb688bf28e8919bf4d2b0021ad9bfbd999
coco_train2017_000000201261.jpg,both,train2017,201261,http://images.cocodataset.org/train2017/000000201261.jpg,http://farm6.staticflickr.com/5167/5279811434_6c17d4f460_z.jpg,Attribution-NonCommercial License,http://creativecommons.org/licenses/by-nc/2.0/,2,1108.80,0.0000,8587330c28541539cac84da0af8e4372ee11042a9c874db72b3c681d102eba1b
coco_train2017_000000009253.jpg,both,train2017,9253,http://images.cocodataset.org/train2017/000000009253.jpg,http://farm9.staticflickr.com/8335/8088753943_8865dfbe66_z.jpg,Attribution License,http://creativecommons.org/licenses/by/2.0/,2,1073.45,0.0523,2fe30e09dd1812e9d2a49bb4d774d9657559bfeedf7f3688038693a2f25d2ef1
coco_train2017_000000463865.jpg,both,train2017,463865,http://images.cocodataset.org/train2017/000000463865.jpg,http://farm4.staticflickr.com/3648/3466449822_58b42a850e_z.jpg,Attribution-NonCommercial-ShareAlike License,http://creativecommons.org/licenses/by-nc-sa/2.0/,2,1632.48,0.0891,30100744136864ede74944c4ebd67e597fb2160e4069e55274086edb901832fb
coco_train2017_000000384235.jpg,both,train2017,384235,http://images.cocodataset.org/train2017/000000384235.jpg,http://farm3.staticflickr.com/2020/2155376632_11b296de3e_z.jpg,Attribution-NonCommercial License,http://creativecommons.org/licenses/by-nc/2.0/,5,2395.23,0.0518,2b197bd5c3df6a176be0ef3e6d8acda33e02ae0fb51a975fa26e7bf4b0cb0343
coco_train2017_000000384231.jpg,both,train2017,384231,http://images.cocodataset.org/train2017/000000384231.jpg,http://farm1.staticflickr.com/219/454564470_cc37dc9ce7_z.jpg,Attribution-NonCommercial License,http://creativecommons.org/licenses/by-nc/2.0/,3,921.70,0.0001,9ea8ae60aea635645b3b07ab969f636b9d0b129b22b15b578444dc2a57ea3c00
coco_train2017_000000164691.jpg,both,train2017,164691,http://images.cocodataset.org/train2017/000000164691.jpg,http://farm1.staticflickr.com/249/519351841_6c1731b4ab_z.jpg,Attribution-NonCommercial-ShareAlike License,http://creativecommons.org/licenses/by-nc-sa/2.0/,3,2328.33,0.0063,031d70a08a85c6ef0f92dbcca12f0c1c6b460d01ea99eb5422cc226813bf2777
coco_train2017_000000222408.jpg,both,train2017,222408,http://images.cocodataset.org/train2017/000000222408.jpg,http://farm3.staticflickr.com/2023/2136754344_fab9f2a59c_z.jpg,Attribution-NonCommercial-ShareAlike License,http://creativecommons.org/licenses/by-nc-sa/2.0/,3,1060.99,0.0106,77098284705e77de348a9fcc63c7fb488f4db30f3e63407017b65347bb4c72fa
coco_train2017_000000028281.jpg,both,train2017,28281,http://images.cocodataset.org/train2017/000000028281.jpg,http://farm2.staticflickr.com/1018/5187802452_0c721ddc6c_z.jpg,Attribution License,http://creativecommons.org/licenses/by/2.0/,2,1050.45,0.0076,2c37ecece1d138a7c23d674fa6d39211924807c75f775d5c0513ed56e36c6bc4
coco_train2017_000000405141.jpg,both,train2017,405141,http://images.cocodataset.org/train2017/000000405141.jpg,http://farm5.staticflickr.com/4149/5172719785_22815cdde5_z.jpg,Attribution-NonCommercial-ShareAlike License,http://creativecommons.org/licenses/by-nc-sa/2.0/,3,1921.96,0.0087,d66591d06ab087f1be4b463696ec2516306d887e0f0eeaf375564942c429b4ab
coco_train2017_000000322866.jpg,both,train2017,322866,http://images.cocodataset.org/train2017/000000322866.jpg,http://farm1.staticflickr.com/154/352658271_34ce005e47_z.jpg,Attribution-NonCommercial-ShareAlike License,http://creativecommons.org/licenses/by-nc-sa/2.0/,2,1133.27,0.0172,48ca1a8718d5d9742b354cddedd00494fcc8564ec766c7f9ec44c70770659481
coco_train2017_000000057842.jpg,both,train2017,57842,http://images.cocodataset.org/train2017/000000057842.jpg,http://farm7.staticflickr.com/6108/6230147951_066e093aae_z.jpg,Attribution License,http://creativecommons.org/licenses/by/2.0/,2,736.11,0.0553,d50240579887fba7f1f7a518fe8c3c5a4420e14c4492289bd84b3c8e310b486f
coco_train2017_000000312435.jpg,both,train2017,312435,http://images.cocodataset.org/train2017/000000312435.jpg,http://farm1.staticflickr.com/6/8329264_fbd2bc58f0_z.jpg,Attribution-NonCommercial-ShareAlike License,http://creativecommons.org/licenses/by-nc-sa/2.0/,3,2857.46,0.0027,2687ec86c97eaa4db68b4d5162bafe27496f9e7d93d4caeb052aa862153a1dce
coco_train2017_000000316085.jpg,both,train2017,316085,http://images.cocodataset.org/train2017/000000316085.jpg,http://farm4.staticflickr.com/3134/3134008640_5b16d60d6a_z.jpg,Attribution-NonCommercial-ShareAlike License,http://creativecommons.org/licenses/by-nc-sa/2.0/,2,839.79,0.0181,6454727292cda6cb750be933eca6c877207ba76330441c895caa6f6859606f6d
coco_train2017_000000517582.jpg,both,train2017,517582,http://images.cocodataset.org/train2017/000000517582.jpg,http://farm6.staticflickr.com/5007/5342700834_aeb6842742_z.jpg,Attribution-NonCommercial-ShareAlike License,http://creativecommons.org/licenses/by-nc-sa/2.0/,2,1148.68,0.0084,a44951391809dd8918e129a6c8bd37e2ce5dad47580be131ba9641aedba50759
coco_train2017_000000066816.jpg,both,train2017,66816,http://images.cocodataset.org/train2017/000000066816.jpg,http://farm3.staticflickr.com/2152/2014175055_1a5b6100d7_z.jpg,Attribution License,http://creativecommons.org/licenses/by/2.0/,2,1357.70,0.0000,4c1eaa0f063f904fc3fc2480f764f4d32c66d28dcbdfcec35dac116212c0a2af
coco_train2017_000000423488.jpg,both,train2017,423488,http://images.cocodataset.org/train2017/000000423488.jpg,http://farm4.staticflickr.com/3397/3202221459_c476ecc467_z.jpg,Attribution License,http://creativecommons.org/licenses/by/2.0/,2,990.28,0.0011,2cc231bfc2600351440bbb68aff177f228986342d2bb29a664b94b5439be60b5
coco_train2017_000000219624.jpg,both,train2017,219624,http://images.cocodataset.org/train2017/000000219624.jpg,http://farm2.staticflickr.com/1177/1306271400_ca4d251584_z.jpg,Attribution-NonCommercial License,http://creativecommons.org/licenses/by-nc/2.0/,2,1126.01,0.0011,fa17eb9b2754a02da0f472bdf7f49addb327d9d3541c84991867d5b839692100
coco_train2017_000000039446.jpg,both,train2017,39446,http://images.cocodataset.org/train2017/000000039446.jpg,http://farm9.staticflickr.com/8389/8675990497_d7de9da3a2_z.jpg,Attribution-NonCommercial-ShareAlike License,http://creativecommons.org/licenses/by-nc-sa/2.0/,2,3014.52,0.0047,48b0253c37cb2db9f7a2b9cc10f363d699f9d9f7ded9fc50e81b4f14e0490055
coco_train2017_000000488390.jpg,both,train2017,488390,http://images.cocodataset.org/train2017/000000488390.jpg,http://farm5.staticflickr.com/4028/4466682310_a9aac09dba_z.jpg,Attribution-NonCommercial-ShareAlike License,http://creativecommons.org/licenses/by-nc-sa/2.0/,2,1718.97,0.0000,933b95eeb0e67d5a80a0293fb49e8d4bca550f205492f519e08c3455b3f93269
coco_train2017_000000533949.jpg,both,train2017,533949,http://images.cocodataset.org/train2017/000000533949.jpg,http://farm4.staticflickr.com/3259/3139243861_5dba68e225_z.jpg,Attribution-NonCommercial-ShareAlike License,http://creativecommons.org/licenses/by-nc-sa/2.0/,5,1222.07,0.0000,93c4eee9d98a5fc5e378871fe6047bc9218557c481c6c58d12922ccc69a92818
coco_val2017_000000413247.jpg,both,val2017,413247,http://images.cocodataset.org/val2017/000000413247.jpg,http://farm5.staticflickr.com/4065/4568885003_f08cd0bbfa_z.jpg,Attribution-NonCommercial License,http://creativecommons.org/licenses/by-nc/2.0/,2,842.74,0.0000,72e91c9eea461ca5656b3f8df0ffb7d03c6d151d1778295f0534e501853a0f0c
coco_train2017_000000500499.jpg,both,train2017,500499,http://images.cocodataset.org/train2017/000000500499.jpg,http://farm4.staticflickr.com/3172/2568422080_4f03ea4161_z.jpg,Attribution-NonCommercial-ShareAlike License,http://creativecommons.org/licenses/by-nc-sa/2.0/,2,2728.70,0.0000,003f693160b9844151b5ec8998db6b91a989c3aa45274e4eb3e98a6ec0d2725e
coco_train2017_000000525176.jpg,both,train2017,525176,http://images.cocodataset.org/train2017/000000525176.jpg,http://farm1.staticflickr.com/155/406078462_cf169fd76d_z.jpg,Attribution-NonCommercial-ShareAlike License,http://creativecommons.org/licenses/by-nc-sa/2.0/,2,338.71,0.0422,8bfb6f6e429ba8775f1ea1a1dffe17d5737213e5f42af0366abd8b7648294d9a
coco_train2017_000000224190.jpg,both,train2017,224190,http://images.cocodataset.org/train2017/000000224190.jpg,http://farm3.staticflickr.com/2801/4139706255_d4e88ba52f_z.jpg,Attribution-NonCommercial License,http://creativecommons.org/licenses/by-nc/2.0/,2,985.09,0.0000,a1d3c3787dcb185923a824b9f8953b54372f62a5414dabe87f6f467ad2033441
coco_train2017_000000348269.jpg,both,train2017,348269,http://images.cocodataset.org/train2017/000000348269.jpg,http://farm7.staticflickr.com/6107/6313524733_63f5dbd9c1_z.jpg,Attribution-NonCommercial-ShareAlike License,http://creativecommons.org/licenses/by-nc-sa/2.0/,3,1323.20,0.0999,7d9678773c6b1c2aef8dcac794a3e36cf61bb36e8622e80636b00dff82f0f9fb
coco_train2017_000000063143.jpg,both,train2017,63143,http://images.cocodataset.org/train2017/000000063143.jpg,http://farm1.staticflickr.com/5/6893062_25f452d076_z.jpg,Attribution-NonCommercial-ShareAlike License,http://creativecommons.org/licenses/by-nc-sa/2.0/,3,2010.18,0.0090,ab59231185df3aec2e69bb12f35a7d40cd7029f99730566411c1febbab86fecd
coco_train2017_000000075587.jpg,both,train2017,75587,http://images.cocodataset.org/train2017/000000075587.jpg,http://farm2.staticflickr.com/1432/1205586588_5968c95013_z.jpg,Attribution-NonCommercial-ShareAlike License,http://creativecommons.org/licenses/by-nc-sa/2.0/,2,2282.46,0.1108,eedbf70c7613a6117136f4966d73e3c6058f0028d8ea1afd86664b39c4331e84
coco_train2017_000000122982.jpg,both,train2017,122982,http://images.cocodataset.org/train2017/000000122982.jpg,http://farm6.staticflickr.com/5277/5907262860_343fd252e5_z.jpg,Attribution-NonCommercial-ShareAlike License,http://creativecommons.org/licenses/by-nc-sa/2.0/,2,900.45,0.0000,f8c60f085228113a36f5cdbd0a5182464889e646fd80ffcbefe8de0f4957e314
coco_train2017_000000264660.jpg,both,train2017,264660,http://images.cocodataset.org/train2017/000000264660.jpg,http://farm1.staticflickr.com/52/109756656_c9fa44d64a_z.jpg,Attribution-NonCommercial-ShareAlike License,http://creativecommons.org/licenses/by-nc-sa/2.0/,2,1705.39,0.0000,cd181f3632b75156e1a89ac5dbc7be8aab6c52964d4de78b9b8e541f31d90290
coco_train2017_000000524459.jpg,both,train2017,524459,http://images.cocodataset.org/train2017/000000524459.jpg,http://farm4.staticflickr.com/3424/3209007686_ede584d86f_z.jpg,Attribution-ShareAlike License,http://creativecommons.org/licenses/by-sa/2.0/,2,1073.68,0.0000,2d687723b6345feb9939465f9d857212c365bc9bcb20d5478270c52b68bea56c
coco_train2017_000000507782.jpg,both,train2017,507782,http://images.cocodataset.org/train2017/000000507782.jpg,http://farm5.staticflickr.com/4071/4346140440_43dee9f01d_z.jpg,Attribution-NonCommercial License,http://creativecommons.org/licenses/by-nc/2.0/,2,3025.21,0.0155,0ffb6daeb1a88ba60f51ed3576d5902581ee0745e65ae0e81cd480071ffc0e77
coco_train2017_000000407216.jpg,both,train2017,407216,http://images.cocodataset.org/train2017/000000407216.jpg,http://farm3.staticflickr.com/2776/4117131617_2c8d9f75b6_z.jpg,Attribution-ShareAlike License,http://creativecommons.org/licenses/by-sa/2.0/,2,1147.52,0.0007,959cbb5568b11d68a5bbf3fc7ce00111a61cca7fd99da96c5275775bdd1d37c5
coco_train2017_000000405473.jpg,both,train2017,405473,http://images.cocodataset.org/train2017/000000405473.jpg,http://farm2.staticflickr.com/1293/1002751972_c87394d467_z.jpg,Attribution-NonCommercial-ShareAlike License,http://creativecommons.org/licenses/by-nc-sa/2.0/,2,1403.88,0.0164,5dddf433b1fe8e3a15998d4eb7145827b7c3ee45430db8d43e5298c4ac2b7781
coco_train2017_000000504598.jpg,both,train2017,504598,http://images.cocodataset.org/train2017/000000504598.jpg,http://farm1.staticflickr.com/112/310351257_e9c7ebe67e_z.jpg,Attribution-NonCommercial-ShareAlike License,http://creativecommons.org/licenses/by-nc-sa/2.0/,3,1677.55,0.0214,752696007985391452a157260d1bac26c70f3949e9aa9b1f18e17019326e2608
coco_val2017_000000432085.jpg,both,val2017,432085,http://images.cocodataset.org/val2017/000000432085.jpg,http://farm2.staticflickr.com/1378/534056653_2700d64452_z.jpg,Attribution-NonCommercial-ShareAlike License,http://creativecommons.org/licenses/by-nc-sa/2.0/,2,892.18,0.0000,d62c75b72251512d9d07e6a43cb10304efe4df7e527013b87c79ed38aff10054
coco_train2017_000000037527.jpg,bottle_only,train2017,37527,http://images.cocodataset.org/train2017/000000037527.jpg,http://farm4.staticflickr.com/3053/2924519338_82e1209639_z.jpg,Attribution License,http://creativecommons.org/licenses/by/2.0/,14,2201.53,0.0053,66fe67ae5f652a2ec1b3ccf22b867c644ebce46af2d3b8452b31d11c1414b865
coco_train2017_000000055288.jpg,bottle_only,train2017,55288,http://images.cocodataset.org/train2017/000000055288.jpg,http://farm4.staticflickr.com/3146/2923957874_a4fee925ae_z.jpg,Attribution-NonCommercial-ShareAlike License,http://creativecommons.org/licenses/by-nc-sa/2.0/,14,1468.20,0.0001,5acc08c932ded5ea9328acf1ef1b60897a5762d7e9f34aebf3642dcee1e368be
coco_train2017_000000069969.jpg,bottle_only,train2017,69969,http://images.cocodataset.org/train2017/000000069969.jpg,http://farm8.staticflickr.com/7157/6485457913_187035f804_z.jpg,Attribution License,http://creativecommons.org/licenses/by/2.0/,14,2213.77,0.0175,c041147fa88c96c1d205cd7f2ac8f7afddd925ea4d7d4d6b0dc43ce3137eb449
coco_train2017_000000077195.jpg,bottle_only,train2017,77195,http://images.cocodataset.org/train2017/000000077195.jpg,http://farm4.staticflickr.com/3366/4565865504_e224a841ca_z.jpg,Attribution License,http://creativecommons.org/licenses/by/2.0/,14,1906.32,0.0001,b68cf401e27a5647cb5d062edc7390bdb216c9dc3be1dfbee228582d08a311e5
coco_train2017_000000088759.jpg,bottle_only,train2017,88759,http://images.cocodataset.org/train2017/000000088759.jpg,http://farm4.staticflickr.com/3260/2815474544_ce469afa00_z.jpg,Attribution-NonCommercial-ShareAlike License,http://creativecommons.org/licenses/by-nc-sa/2.0/,14,2571.58,0.0001,f9db3e66aa85169bd0270be057523becbf1ed0b7acae89474a8b661fc9560c0e
coco_train2017_000000150646.jpg,bottle_only,train2017,150646,http://images.cocodataset.org/train2017/000000150646.jpg,http://farm6.staticflickr.com/5335/7369137456_4b37f4e324_z.jpg,Attribution-NonCommercial-ShareAlike License,http://creativecommons.org/licenses/by-nc-sa/2.0/,14,3734.32,0.0574,ad7f7b543287aa1b43f66d90b840ec7e4780688ffaa44b5a17efaa6f853f858a
coco_train2017_000000158201.jpg,bottle_only,train2017,158201,http://images.cocodataset.org/train2017/000000158201.jpg,http://farm9.staticflickr.com/8007/7504334724_2638316d4b_z.jpg,Attribution-NonCommercial License,http://creativecommons.org/licenses/by-nc/2.0/,14,1605.31,0.0062,4b49b55f039b2e42cd5d7ed3f4397bfe5bba78bafdb9bcfe2aeb3ebc74ff3f5d
coco_train2017_000000171270.jpg,bottle_only,train2017,171270,http://images.cocodataset.org/train2017/000000171270.jpg,http://farm4.staticflickr.com/3793/10067342296_d258b19150_z.jpg,Attribution-ShareAlike License,http://creativecommons.org/licenses/by-sa/2.0/,14,2908.13,0.0000,f13ac35c59b56280295668ee587a1005d37e38a62091c679bcf3cdf305503a13
coco_train2017_000000183692.jpg,bottle_only,train2017,183692,http://images.cocodataset.org/train2017/000000183692.jpg,http://farm6.staticflickr.com/5016/5480396474_609fdcb329_z.jpg,Attribution License,http://creativecommons.org/licenses/by/2.0/,14,761.96,0.0029,16de91eaf961baabed3fb2290941d2a32bb93f486bc152ac674f7a4186ff5cdc
coco_train2017_000000206454.jpg,bottle_only,train2017,206454,http://images.cocodataset.org/train2017/000000206454.jpg,http://farm4.staticflickr.com/3448/3208794915_3cf67c7105_z.jpg,Attribution-NonCommercial License,http://creativecommons.org/licenses/by-nc/2.0/,14,627.79,0.0000,ed97166a318c816ffb311d68e2b84b446e2ababcf165e186ccd7c6400b8f1642
coco_train2017_000000281970.jpg,bottle_only,train2017,281970,http://images.cocodataset.org/train2017/000000281970.jpg,http://farm4.staticflickr.com/3277/3029540928_ecedb4b7bf_z.jpg,Attribution-ShareAlike License,http://creativecommons.org/licenses/by-sa/2.0/,14,3835.89,0.0198,1744f2fd3b7bc4af9b327e452f6b7c2f7234f53177444ea1c07bc08b679a71e2
coco_train2017_000000284144.jpg,bottle_only,train2017,284144,http://images.cocodataset.org/train2017/000000284144.jpg,http://farm3.staticflickr.com/2400/2343004366_04e339b0bd_z.jpg,Attribution-NonCommercial License,http://creativecommons.org/licenses/by-nc/2.0/,14,2733.88,0.0022,09488b7e8895ef2886e6bd2e0a63066c93fc098b0d40308722e5b95f28dae6ba
coco_train2017_000000363191.jpg,bottle_only,train2017,363191,http://images.cocodataset.org/train2017/000000363191.jpg,http://farm1.staticflickr.com/37/76611013_65ddcbbf0f_z.jpg,Attribution-NonCommercial License,http://creativecommons.org/licenses/by-nc/2.0/,14,2273.98,0.0040,aec1109ded8d4d41efee569bdbc47be906160a77bf3bcd5cb25e9a307bcc0378
coco_train2017_000000394880.jpg,bottle_only,train2017,394880,http://images.cocodataset.org/train2017/000000394880.jpg,http://farm9.staticflickr.com/8288/7755949024_64c6b2b32c_z.jpg,Attribution-NonCommercial License,http://creativecommons.org/licenses/by-nc/2.0/,14,1440.01,0.0356,0ad3aafcfdced2a4590f6667cd5f8924311074a563330ebb21ea49c00f41ee12
coco_train2017_000000426300.jpg,bottle_only,train2017,426300,http://images.cocodataset.org/train2017/000000426300.jpg,http://farm1.staticflickr.com/66/388871429_9dfc77309b_z.jpg,Attribution-ShareAlike License,http://creativecommons.org/licenses/by-sa/2.0/,14,2887.08,0.0479,d5342b89c6fb50e82189a3ba655383f00e0c333432a1441a9da7906b07f8dd97
coco_train2017_000000426377.jpg,bottle_only,train2017,426377,http://images.cocodataset.org/train2017/000000426377.jpg,http://farm4.staticflickr.com/3676/9321437872_b6aea68acd_z.jpg,Attribution License,http://creativecommons.org/licenses/by/2.0/,14,2594.29,0.0069,7642811338ed91135539ea002768bd78dc695dfd58e788cc84a56c827e36e4f3
coco_train2017_000000509210.jpg,bottle_only,train2017,509210,http://images.cocodataset.org/train2017/000000509210.jpg,http://farm4.staticflickr.com/3327/3266188606_626fab8244_z.jpg,Attribution-ShareAlike License,http://creativecommons.org/licenses/by-sa/2.0/,14,1282.77,0.0000,8e2bcbcaccbde168914b751dba3d4d38b97827fe2665fb6d1f91268aca30ea6f
coco_train2017_000000105114.jpg,bottle_only,train2017,105114,http://images.cocodataset.org/train2017/000000105114.jpg,http://farm5.staticflickr.com/4007/4580679334_75d92cdd20_z.jpg,Attribution-NonCommercial-ShareAlike License,http://creativecommons.org/licenses/by-nc-sa/2.0/,12,1154.86,0.0000,2c3803876e390d12d8f1ad6da8b21df68e2b854c7cd7a3bf591ac45c2f9e1e82
coco_train2017_000000493428.jpg,bottle_only,train2017,493428,http://images.cocodataset.org/train2017/000000493428.jpg,http://farm9.staticflickr.com/8015/7558835930_91e4312d69_z.jpg,Attribution-NonCommercial License,http://creativecommons.org/licenses/by-nc/2.0/,12,1661.19,0.0181,dd11d4cf3ba2032fd387880fe31069e5046b15758ee84766143461a2f82b64e5
coco_train2017_000000126429.jpg,bottle_only,train2017,126429,http://images.cocodataset.org/train2017/000000126429.jpg,http://farm5.staticflickr.com/4050/4424851224_2b29fee6b6_z.jpg,Attribution-NonCommercial-ShareAlike License,http://creativecommons.org/licenses/by-nc-sa/2.0/,14,2024.68,0.0024,ce94fc8142b0206c7cb6f546bab9784d8d22d6c48c7c0466601fe765ea47b953
coco_train2017_000000223739.jpg,bottle_only,train2017,223739,http://images.cocodataset.org/train2017/000000223739.jpg,http://farm5.staticflickr.com/4012/4350220733_f3c7901e4b_z.jpg,Attribution-NonCommercial License,http://creativecommons.org/licenses/by-nc/2.0/,14,1768.02,0.0129,f1d979eb00c139a5f3d2fe96bce1885bbc054d6dfac66db99e5316fd856538b6
coco_train2017_000000466766.jpg,bottle_only,train2017,466766,http://images.cocodataset.org/train2017/000000466766.jpg,http://farm1.staticflickr.com/80/234447793_bdcffaba6d_z.jpg,Attribution License,http://creativecommons.org/licenses/by/2.0/,14,976.31,0.0000,ccb3693be2c1494ae7d17260bed566221d340116b5453cfdaef63c1d88ef3247
coco_train2017_000000479066.jpg,bottle_only,train2017,479066,http://images.cocodataset.org/train2017/000000479066.jpg,http://farm3.staticflickr.com/2757/4370168122_52d8c56bfc_z.jpg,Attribution-NonCommercial-ShareAlike License,http://creativecommons.org/licenses/by-nc-sa/2.0/,7,1151.60,0.0025,e6939954f740a633748c353d02fe8eeaf17b701f5c2b57a43fe16b6a695566fe
coco_train2017_000000368397.jpg,bottle_only,train2017,368397,http://images.cocodataset.org/train2017/000000368397.jpg,http://farm1.staticflickr.com/101/287996667_eaf51093b3_z.jpg,Attribution-ShareAlike License,http://creativecommons.org/licenses/by-sa/2.0/,14,1088.30,0.0037,0379c341bda84d87381d6f13fcc1bf5cd111b8a4cd66118acc3098884f8956c4
coco_train2017_000000090782.jpg,bottle_only,train2017,90782,http://images.cocodataset.org/train2017/000000090782.jpg,http://farm3.staticflickr.com/2674/3942215027_449602d1cd_z.jpg,Attribution-ShareAlike License,http://creativecommons.org/licenses/by-sa/2.0/,14,1298.73,0.0016,1822024a9b12bdbc79b94250e79fcd9b8b9be8d11039824bcb2d8cc94a419a17
coco_train2017_000000023258.jpg,bottle_only,train2017,23258,http://images.cocodataset.org/train2017/000000023258.jpg,http://farm1.staticflickr.com/116/274132838_60292be9d8_z.jpg,Attribution-NonCommercial-ShareAlike License,http://creativecommons.org/licenses/by-nc-sa/2.0/,14,2237.19,0.0015,9e36fe910c96f4de237309304cdada60696b35358d5ee132066c5f178a5fa0dc
coco_train2017_000000106849.jpg,bottle_only,train2017,106849,http://images.cocodataset.org/train2017/000000106849.jpg,http://farm4.staticflickr.com/3037/2559279865_1459eefcb0_z.jpg,Attribution-NonCommercial-ShareAlike License,http://creativecommons.org/licenses/by-nc-sa/2.0/,14,1425.19,0.0000,0297886eaee6ede9ae4c8ef8f81c6f09a6b14d94e82b58aabf9782450abac1ae
coco_train2017_000000108575.jpg,bottle_only,train2017,108575,http://images.cocodataset.org/train2017/000000108575.jpg,http://farm7.staticflickr.com/6157/6183230288_e8e727f43f_z.jpg,Attribution License,http://creativecommons.org/licenses/by/2.0/,14,2096.92,0.0057,9dc0c5f9ddff9059e3ab13f27ccceb40e272383361236f739996975f291b6e58
coco_train2017_000000108803.jpg,bottle_only,train2017,108803,http://images.cocodataset.org/train2017/000000108803.jpg,http://farm4.staticflickr.com/3550/3457641060_2349fe302f_z.jpg,Attribution License,http://creativecommons.org/licenses/by/2.0/,2,743.56,0.0000,df69a6369520985ab3d9b39b547a665d449a7234b9df787ea80ded5885b7e3db
coco_train2017_000000289128.jpg,bottle_only,train2017,289128,http://images.cocodataset.org/train2017/000000289128.jpg,http://farm4.staticflickr.com/3834/8898135371_bf809b8124_z.jpg,Attribution License,http://creativecommons.org/licenses/by/2.0/,14,1192.31,0.1260,a70eb3dc60be95630a6cfd02778a3e70bfe3d82c60d34a633aa071aa8d4821ef
coco_train2017_000000426246.jpg,bottle_only,train2017,426246,http://images.cocodataset.org/train2017/000000426246.jpg,http://farm5.staticflickr.com/4057/4472421207_4a25e2ee1a_z.jpg,Attribution-NonCommercial License,http://creativecommons.org/licenses/by-nc/2.0/,14,2723.72,0.0110,39b26d336068098435e896cda34b30756eb3b4681d8c34754a6d3adf4baf4238
coco_train2017_000000440372.jpg,bottle_only,train2017,440372,http://images.cocodataset.org/train2017/000000440372.jpg,http://farm2.staticflickr.com/1009/1474506407_55092327e5_z.jpg,Attribution-NonCommercial-ShareAlike License,http://creativecommons.org/licenses/by-nc-sa/2.0/,2,519.98,0.0000,3a687c6d74e643e5caecb92ba86d725dc4bc8532505297149181125546276c77
coco_train2017_000000566385.jpg,bottle_only,train2017,566385,http://images.cocodataset.org/train2017/000000566385.jpg,http://farm3.staticflickr.com/2735/4316952446_4082615eef_z.jpg,Attribution-ShareAlike License,http://creativecommons.org/licenses/by-sa/2.0/,14,3344.51,0.0006,d7fc660fca8b5bb583ee5fef001fe0e3167aa7de9fbef48a6196ead3c41102b1
coco_train2017_000000016072.jpg,bottle_only,train2017,16072,http://images.cocodataset.org/train2017/000000016072.jpg,http://farm3.staticflickr.com/2651/4228521989_13b5c90a98_z.jpg,Attribution License,http://creativecommons.org/licenses/by/2.0/,1,1195.86,0.0583,be68a4fd2bcf702e77bb7c7d3b80f8bae92cf8e17e7995a793343ca3714addd0
coco_train2017_000000051594.jpg,bottle_only,train2017,51594,http://images.cocodataset.org/train2017/000000051594.jpg,http://farm7.staticflickr.com/6222/6215049096_8a221851fa_z.jpg,Attribution-NonCommercial License,http://creativecommons.org/licenses/by-nc/2.0/,1,427.16,0.0000,ec79acdb3c54b7b35fa505d276b1929ebe7ea9fd8efba202a316371ed5029982
coco_val2017_000000156643.jpg,bottle_only,val2017,156643,http://images.cocodataset.org/val2017/000000156643.jpg,http://farm9.staticflickr.com/8005/7534710698_69f4077419_z.jpg,Attribution-NonCommercial-ShareAlike License,http://creativecommons.org/licenses/by-nc-sa/2.0/,1,1289.03,0.0165,9d16c4c9af76cdf2d8163e07d0257958cca6f39f42aff0bf3c5713c070b83907
coco_train2017_000000298067.jpg,bottle_only,train2017,298067,http://images.cocodataset.org/train2017/000000298067.jpg,http://farm4.staticflickr.com/3796/9244470827_606e7db8af_z.jpg,Attribution-NonCommercial-ShareAlike License,http://creativecommons.org/licenses/by-nc-sa/2.0/,1,1111.63,0.0000,15d124c5965e9404469c9f841685a0accfb1bbf65b8ca49583fe2101344f7805
coco_train2017_000000313015.jpg,bottle_only,train2017,313015,http://images.cocodataset.org/train2017/000000313015.jpg,http://farm7.staticflickr.com/6002/5938164371_7a6b755466_z.jpg,Attribution-NonCommercial-ShareAlike License,http://creativecommons.org/licenses/by-nc-sa/2.0/,1,824.24,0.0826,9082ac0df147edc3947389b15116cffc11701923824486ec1266547e448fe645
coco_train2017_000000359565.jpg,bottle_only,train2017,359565,http://images.cocodataset.org/train2017/000000359565.jpg,http://farm3.staticflickr.com/2874/9071678249_5043a03bbe_z.jpg,Attribution License,http://creativecommons.org/licenses/by/2.0/,1,1513.31,0.0056,0c136bf89dc811d160a79f252dfaa663a6f03a6dc4253525af96d3b8a8c0c0e5
coco_train2017_000000404526.jpg,bottle_only,train2017,404526,http://images.cocodataset.org/train2017/000000404526.jpg,http://farm5.staticflickr.com/4060/4374840947_72629c80da_z.jpg,Attribution License,http://creativecommons.org/licenses/by/2.0/,1,963.97,0.0013,8f6ffa23d80b1e9e8ab320ef71c35c4dd7c4d72f3bf0abc52e2741990aaa7da1
coco_train2017_000000449610.jpg,bottle_only,train2017,449610,http://images.cocodataset.org/train2017/000000449610.jpg,http://farm4.staticflickr.com/3504/4019877407_e7f1b939b5_z.jpg,Attribution License,http://creativecommons.org/licenses/by/2.0/,1,1062.63,0.0185,0eeb26f5483f54e6f5afe2a625b7e45fdd685815c94265f78676cc7ead314e6e
coco_train2017_000000307238.jpg,bottle_only,train2017,307238,http://images.cocodataset.org/train2017/000000307238.jpg,http://farm8.staticflickr.com/7325/9060312405_6688d4006c_z.jpg,Attribution License,http://creativecommons.org/licenses/by/2.0/,14,1842.21,0.0012,efd305eba10312f09cf330f5f8106ee1d0ac82d0dc3a879f43ec1caad8f80a56
coco_val2017_000000357888.jpg,bottle_only,val2017,357888,http://images.cocodataset.org/val2017/000000357888.jpg,http://farm4.staticflickr.com/3577/3853391167_2ff6070b1a_z.jpg,Attribution-ShareAlike License,http://creativecommons.org/licenses/by-sa/2.0/,14,759.44,0.0034,a3e2453b0293f04a582274239f4a00290e968ef615480314c2cf00cff986f134
coco_train2017_000000329623.jpg,bottle_only,train2017,329623,http://images.cocodataset.org/train2017/000000329623.jpg,http://farm4.staticflickr.com/3127/2586054375_fb8f078e45_z.jpg,Attribution-NonCommercial-ShareAlike License,http://creativecommons.org/licenses/by-nc-sa/2.0/,3,2278.03,0.0005,62b33e3941c5b0ca30d72aa51b4d6f39b9240fc91d1829c0377bbd78383d4391
coco_train2017_000000449904.jpg,bottle_only,train2017,449904,http://images.cocodataset.org/train2017/000000449904.jpg,http://farm4.staticflickr.com/3567/3482486652_68fc479f20_z.jpg,Attribution License,http://creativecommons.org/licenses/by/2.0/,14,2077.43,0.0404,c5ea66c28af2d4bdc83079a95ba8485f7be438ebc02c9c46be3134784188db52
coco_val2017_000000025394.jpg,bottle_only,val2017,25394,http://images.cocodataset.org/val2017/000000025394.jpg,http://farm1.staticflickr.com/38/87248274_fe9dc3879b_z.jpg,Attribution-ShareAlike License,http://creativecommons.org/licenses/by-sa/2.0/,14,932.48,0.0006,f13f54a3cbe28140004425b1b010c51bd5be0e4c4da1d4b1e382e3e0b426e316
coco_train2017_000000025907.jpg,bottle_only,train2017,25907,http://images.cocodataset.org/train2017/000000025907.jpg,http://farm1.staticflickr.com/176/400257717_61ef35d1dd_z.jpg,Attribution-NonCommercial-ShareAlike License,http://creativecommons.org/licenses/by-nc-sa/2.0/,14,2083.26,0.0004,e6a14b6fdd88307a72073f5fc9044f029279d793eebca7851817535881b47357
coco_train2017_000000039654.jpg,bottle_only,train2017,39654,http://images.cocodataset.org/train2017/000000039654.jpg,http://farm3.staticflickr.com/2874/9361792087_7f6b354e47_z.jpg,Attribution License,http://creativecommons.org/licenses/by/2.0/,14,2699.48,0.0107,afe32582359000bf0c6b53f20eea94697575cf8d95cc7a46cd8d05dbcb126487
coco_train2017_000000047739.jpg,bottle_only,train2017,47739,http://images.cocodataset.org/train2017/000000047739.jpg,http://farm9.staticflickr.com/8260/8709495909_7cbb5f58d4_z.jpg,Attribution-NonCommercial-ShareAlike License,http://creativecommons.org/licenses/by-nc-sa/2.0/,14,2905.72,0.0021,a92331b438217f53b5ac0cd1b1482058566a241dabe4d5a771f84bba984a97dc
coco_val2017_000000117719.jpg,bottle_only,val2017,117719,http://images.cocodataset.org/val2017/000000117719.jpg,http://farm4.staticflickr.com/3395/3499231904_8b958aa5bc_z.jpg,Attribution-ShareAlike License,http://creativecommons.org/licenses/by-sa/2.0/,14,2773.33,0.0002,347879f8b17e27bbe503a00f8fe6963c0519f35e4d3db5ecdad92de924024744
coco_train2017_000000197005.jpg,bottle_only,train2017,197005,http://images.cocodataset.org/train2017/000000197005.jpg,http://farm8.staticflickr.com/7149/6676987555_cf62e80324_z.jpg,Attribution-NonCommercial License,http://creativecommons.org/licenses/by-nc/2.0/,14,2475.73,0.0214,4db8c0e286015240aa29d950b181e7a3b25a2913dc54de189221d77de8405d69
coco_train2017_000000215994.jpg,bottle_only,train2017,215994,http://images.cocodataset.org/train2017/000000215994.jpg,http://farm4.staticflickr.com/3161/3040230095_86a714369e_z.jpg,Attribution-ShareAlike License,http://creativecommons.org/licenses/by-sa/2.0/,14,863.02,0.0101,7ee43a37222e8f320d045d51e259ae766a3d9cd1d0ba6ae9236bc902a650e88f
coco_train2017_000000222137.jpg,bottle_only,train2017,222137,http://images.cocodataset.org/train2017/000000222137.jpg,http://farm4.staticflickr.com/3752/9321458029_42eedc4d71_z.jpg,Attribution-NonCommercial License,http://creativecommons.org/licenses/by-nc/2.0/,14,2159.85,0.0003,b9c398763da3d5ef22a1cbfe9d90915c82b60055cb009b28d422e3b070f5a8ea
coco_train2017_000000528386.jpg,bottle_only,train2017,528386,http://images.cocodataset.org/train2017/000000528386.jpg,http://farm1.staticflickr.com/101/285396824_2835401ada_z.jpg,Attribution-NonCommercial-ShareAlike License,http://creativecommons.org/licenses/by-nc-sa/2.0/,14,832.83,0.0006,a78cad8bbc72ce5ea2061f7709954a455d948c63df5cb5c23233cc248521a1d2
coco_train2017_000000471861.jpg,bottle_only,train2017,471861,http://images.cocodataset.org/train2017/000000471861.jpg,http://farm3.staticflickr.com/2828/9638917221_e72fa22687_z.jpg,Attribution-NonCommercial-ShareAlike License,http://creativecommons.org/licenses/by-nc-sa/2.0/,2,1363.93,0.0079,c3d939275955bc90d0091df697ad07a5cee131099962bf88e74f4bf4ac4921ce
coco_train2017_000000189274.jpg,bottle_only,train2017,189274,http://images.cocodataset.org/train2017/000000189274.jpg,http://farm7.staticflickr.com/6168/6218545245_34264c0c1d_z.jpg,Attribution License,http://creativecommons.org/licenses/by/2.0/,1,1172.49,0.0035,daef7da3af54059c0e9a50a959f249e97ff50d5362db17a23e8df4114a1b61b4
coco_train2017_000000561464.jpg,bottle_only,train2017,561464,http://images.cocodataset.org/train2017/000000561464.jpg,http://farm3.staticflickr.com/2731/4137230081_6f7812f486_z.jpg,Attribution-NonCommercial-ShareAlike License,http://creativecommons.org/licenses/by-nc-sa/2.0/,13,1567.03,0.0037,cb7e6f38db0bae4260de0e450301f6a6ea020149532cb35705dda13bfad9dfa5
coco_train2017_000000577718.jpg,bottle_only,train2017,577718,http://images.cocodataset.org/train2017/000000577718.jpg,http://farm5.staticflickr.com/4118/4789319910_1bf0b8b320_z.jpg,Attribution License,http://creativecommons.org/licenses/by/2.0/,1,843.13,0.0142,8d7216ad278dbe8476d7d1cab75bd96bf22615518340f9e7c6594bdf62f1a3a2
coco_train2017_000000497444.jpg,bottle_only,train2017,497444,http://images.cocodataset.org/train2017/000000497444.jpg,http://farm8.staticflickr.com/7019/6788772837_f8b91fc131_z.jpg,Attribution License,http://creativecommons.org/licenses/by/2.0/,14,1821.49,0.0090,8d0263003d417e0d0f9c2bb67203950f598d5d19cb8dffa44a4403ce81431665
coco_train2017_000000381031.jpg,bottle_only,train2017,381031,http://images.cocodataset.org/train2017/000000381031.jpg,http://farm1.staticflickr.com/44/181566881_e842294495_z.jpg,Attribution-NonCommercial-ShareAlike License,http://creativecommons.org/licenses/by-nc-sa/2.0/,1,2039.67,0.0052,667c1cfbbcfea223c7e639155bd4f956b56ba5f23bae25a6d12bbaaa9a701366
coco_train2017_000000049312.jpg,bottle_only,train2017,49312,http://images.cocodataset.org/train2017/000000049312.jpg,http://farm9.staticflickr.com/8195/8132083982_c442a0976f_z.jpg,Attribution-NonCommercial-ShareAlike License,http://creativecommons.org/licenses/by-nc-sa/2.0/,14,562.97,0.0888,2393e6bb6757f702a617b524be7cfa980528a6f9650708c99f64533bbbae7706
coco_train2017_000000452837.jpg,bottle_only,train2017,452837,http://images.cocodataset.org/train2017/000000452837.jpg,http://farm9.staticflickr.com/8280/8700767182_6e419ff9f7_z.jpg,Attribution-NonCommercial-ShareAlike License,http://creativecommons.org/licenses/by-nc-sa/2.0/,1,753.99,0.0000,407a3b338a0c98e4548f7561e899a6155ac2814370f15d1180f86f61f0c4d593
coco_train2017_000000312671.jpg,bottle_only,train2017,312671,http://images.cocodataset.org/train2017/000000312671.jpg,http://farm6.staticflickr.com/5030/5677099587_297e20aeff_z.jpg,Attribution-NonCommercial-ShareAlike License,http://creativecommons.org/licenses/by-nc-sa/2.0/,14,1567.95,0.0093,1073401b7abe71f58521073e24216403ecf8280f28e22f5f003d7d6aecea6b9b
coco_train2017_000000328654.jpg,bottle_only,train2017,328654,http://images.cocodataset.org/train2017/000000328654.jpg,http://farm3.staticflickr.com/2005/2859732871_ccfb3a2812_z.jpg,Attribution-NonCommercial License,http://creativecommons.org/licenses/by-nc/2.0/,4,860.98,0.0021,13adc3e06a9539438cb361e8e5a1160c30ababd02f1724f37b861722dbbc84a7
coco_train2017_000000331588.jpg,bottle_only,train2017,331588,http://images.cocodataset.org/train2017/000000331588.jpg,http://farm5.staticflickr.com/4002/4391867806_bb65ac2a41_z.jpg,Attribution License,http://creativecommons.org/licenses/by/2.0/,16,5097.38,0.0008,83743801e96cef31af70c4be4ae6aca29d116a557b4f8f663a3f7c07a112a05e
coco_train2017_000000426172.jpg,bottle_only,train2017,426172,http://images.cocodataset.org/train2017/000000426172.jpg,http://farm3.staticflickr.com/2023/2268095622_aaa98cf3b0_z.jpg,Attribution-NonCommercial-ShareAlike License,http://creativecommons.org/licenses/by-nc-sa/2.0/,14,3033.83,0.0085,ee5a16cff238fecef835e48398df01bc2a747f1cf0a4938847f0ed067fc503be
coco_train2017_000000251219.jpg,bottle_only,train2017,251219,http://images.cocodataset.org/train2017/000000251219.jpg,http://farm7.staticflickr.com/6162/6215565109_34a86938ba_z.jpg,Attribution License,http://creativecommons.org/licenses/by/2.0/,14,749.19,0.0037,9f16015fc8fc4895be186093986451e744b96b9f2c572c7bbb7a6a45405aa454
coco_train2017_000000073427.jpg,bottle_only,train2017,73427,http://images.cocodataset.org/train2017/000000073427.jpg,http://farm5.staticflickr.com/4003/4281373438_290f4b6071_z.jpg,Attribution-ShareAlike License,http://creativecommons.org/licenses/by-sa/2.0/,15,2551.44,0.0042,0ad4889d8327ca1fc9d6a46cf792d76de143a70aaa150e8aa6568d58dcdf2022
coco_train2017_000000242543.jpg,bottle_only,train2017,242543,http://images.cocodataset.org/train2017/000000242543.jpg,http://farm3.staticflickr.com/2410/2132391056_564471571f_z.jpg,Attribution-ShareAlike License,http://creativecommons.org/licenses/by-sa/2.0/,15,1950.17,0.0018,05df0d46c79ddb5e15b83db0df969f2878c1062eb25e879050eca32cc3f9a005
coco_train2017_000000536960.jpg,bottle_only,train2017,536960,http://images.cocodataset.org/train2017/000000536960.jpg,http://farm5.staticflickr.com/4065/4508526914_057707dd23_z.jpg,Attribution-NonCommercial-ShareAlike License,http://creativecommons.org/licenses/by-nc-sa/2.0/,3,1349.58,0.0053,0804b3db84975aa511f53e8a6738ac7b26b8d57c912dbe4bff91daed13097ac0
coco_train2017_000000106244.jpg,bottle_only,train2017,106244,http://images.cocodataset.org/train2017/000000106244.jpg,http://farm2.staticflickr.com/1254/1058880208_a76cc93492_z.jpg,Attribution-ShareAlike License,http://creativecommons.org/licenses/by-sa/2.0/,14,524.49,0.0795,70eff54ee0b2efa1287c1e4298833a89a0ed149c30e72b38775d70f8275ebbdb
coco_train2017_000000001145.jpg,bottle_only,train2017,1145,http://images.cocodataset.org/train2017/000000001145.jpg,http://farm6.staticflickr.com/5476/9365887775_1800451498_z.jpg,Attribution-NonCommercial-ShareAlike License,http://creativecommons.org/licenses/by-nc-sa/2.0/,14,1554.63,0.0170,ead7c469462f55672bac597b27a11388d87715954b964ead738a7882f359a972
coco_train2017_000000015239.jpg,bottle_only,train2017,15239,http://images.cocodataset.org/train2017/000000015239.jpg,http://farm4.staticflickr.com/3056/2635507630_a56c685529_z.jpg,Attribution-NonCommercial-ShareAlike License,http://creativecommons.org/licenses/by-nc-sa/2.0/,14,3848.13,0.0052,4fb84a8d35123097834283bfdfbd741dde7844925b3d7e7274a8fa4a5d5e2063
coco_train2017_000000033094.jpg,bottle_only,train2017,33094,http://images.cocodataset.org/train2017/000000033094.jpg,http://farm4.staticflickr.com/3103/3238470914_427eca776f_z.jpg,Attribution License,http://creativecommons.org/licenses/by/2.0/,14,1546.86,0.0259,ad75423e30068c3e203c0bd1e65fc6a74dc4d9b9694aafe51361eb7ca26b5be4
coco_train2017_000000080953.jpg,bottle_only,train2017,80953,http://images.cocodataset.org/train2017/000000080953.jpg,http://farm3.staticflickr.com/2608/4107868359_ee465c35b9_z.jpg,Attribution-NonCommercial License,http://creativecommons.org/licenses/by-nc/2.0/,14,1342.39,0.0007,49e8e5ad657361b5ae94ba8066cc48ec4529f0a6f1ab28c80206c64ab94146f9
coco_train2017_000000084889.jpg,bottle_only,train2017,84889,http://images.cocodataset.org/train2017/000000084889.jpg,http://farm6.staticflickr.com/5198/7096315143_fea9c63857_z.jpg,Attribution-NonCommercial-ShareAlike License,http://creativecommons.org/licenses/by-nc-sa/2.0/,14,3032.76,0.0000,fe255d83838c832e423672aa996b711d123aa6519589dfec2d632065e41049f2
coco_train2017_000000105865.jpg,bottle_only,train2017,105865,http://images.cocodataset.org/train2017/000000105865.jpg,http://farm1.staticflickr.com/23/97439328_5b308fec86_z.jpg,Attribution-NonCommercial License,http://creativecommons.org/licenses/by-nc/2.0/,14,1118.76,0.0223,5ab92722743692cf957debef8d7d15a88be83922e81b6f8edae9a425c5d3c21d
coco_train2017_000000114503.jpg,bottle_only,train2017,114503,http://images.cocodataset.org/train2017/000000114503.jpg,http://farm5.staticflickr.com/4029/4696484697_40585a1c55_z.jpg,Attribution License,http://creativecommons.org/licenses/by/2.0/,14,805.98,0.0000,127cda64045bb4e7401d069fdf9a0951d0b5bdbd6ffbb832bc908b358b3a9b85
coco_val2017_000000146155.jpg,bottle_only,val2017,146155,http://images.cocodataset.org/val2017/000000146155.jpg,http://farm4.staticflickr.com/3734/9630493594_e565b50f09_z.jpg,Attribution-NonCommercial License,http://creativecommons.org/licenses/by-nc/2.0/,14,1237.93,0.0007,d34457a9332b4ba3ccd391ff2e840d5bd2bf7a2395d128c9f95fa7b74b04c1be
coco_train2017_000000179814.jpg,bottle_only,train2017,179814,http://images.cocodataset.org/train2017/000000179814.jpg,http://farm4.staticflickr.com/3647/3289058252_9f46a70be3_z.jpg,Attribution License,http://creativecommons.org/licenses/by/2.0/,14,2033.19,0.0044,5e68f5855bfa85a4764db09b9d12533b7ccf31d923f373178b5d090cc57cb5cb
coco_train2017_000000180274.jpg,bottle_only,train2017,180274,http://images.cocodataset.org/train2017/000000180274.jpg,http://farm3.staticflickr.com/2150/2316576889_882d950649_z.jpg,Attribution-NonCommercial License,http://creativecommons.org/licenses/by-nc/2.0/,14,3397.04,0.0372,fb92d6d67626a9657f04987d50deda1e316669386fec88059932db0f8efbd78c
coco_train2017_000000183888.jpg,bottle_only,train2017,183888,http://images.cocodataset.org/train2017/000000183888.jpg,http://farm5.staticflickr.com/4033/4401402595_a6a2f42e5e_z.jpg,Attribution-ShareAlike License,http://creativecommons.org/licenses/by-sa/2.0/,14,696.72,0.0457,24e534d6a4ae2f54dd3f057a17eb888ad2c6923e43b1741ec7469eacd436920d
coco_val2017_000000213547.jpg,bottle_only,val2017,213547,http://images.cocodataset.org/val2017/000000213547.jpg,http://farm3.staticflickr.com/2062/2243132921_779f9cdc24_z.jpg,Attribution License,http://creativecommons.org/licenses/by/2.0/,14,1811.42,0.0031,61b9b72eba0c02967cfab34df829cdd10e41c2c00e5a43be8db39d97bf43747b
coco_train2017_000000230780.jpg,bottle_only,train2017,230780,http://images.cocodataset.org/train2017/000000230780.jpg,http://farm8.staticflickr.com/7175/6675810771_4c2093e3cb_z.jpg,Attribution License,http://creativecommons.org/licenses/by/2.0/,14,1496.50,0.0003,12ca4f18dd3154b8084473e78c9c163f84d8e6a6ff819f49e6cc0538f5e05950
coco_train2017_000000235352.jpg,bottle_only,train2017,235352,http://images.cocodataset.org/train2017/000000235352.jpg,http://farm3.staticflickr.com/2170/1861822619_6112b0d11c_z.jpg,Attribution-NonCommercial-ShareAlike License,http://creativecommons.org/licenses/by-nc-sa/2.0/,14,2027.38,0.0018,085e2ebb7e2197350996b23c06a82948063622a273c5c7c738c70ff047ce73f5
coco_train2017_000000243090.jpg,bottle_only,train2017,243090,http://images.cocodataset.org/train2017/000000243090.jpg,http://farm1.staticflickr.com/24/38981409_a926dd13e8_z.jpg,Attribution-ShareAlike License,http://creativecommons.org/licenses/by-sa/2.0/,14,2161.25,0.0008,2638409c8aa0724359de892b487045b2ea83f95ceb04dbd974a4d75f4c1e92a6
coco_train2017_000000256337.jpg,bottle_only,train2017,256337,http://images.cocodataset.org/train2017/000000256337.jpg,http://farm4.staticflickr.com/3244/2801886821_c0f54fb316_z.jpg,Attribution-NonCommercial-ShareAlike License,http://creativecommons.org/licenses/by-nc-sa/2.0/,14,801.36,0.0126,c0528207b347594e2aed45c0a90324a50f85efddde69d0a449f68ff06d41e271
coco_train2017_000000266242.jpg,bottle_only,train2017,266242,http://images.cocodataset.org/train2017/000000266242.jpg,http://farm5.staticflickr.com/4102/4797638392_0e85eea6aa_z.jpg,Attribution License,http://creativecommons.org/licenses/by/2.0/,14,1580.83,0.0000,43c90d56065012892530a887bc7cbbc3853529814e666f505016fa95c7bc3e3d
coco_train2017_000000267152.jpg,bottle_only,train2017,267152,http://images.cocodataset.org/train2017/000000267152.jpg,http://farm1.staticflickr.com/146/396316242_6ecfc2cf98_z.jpg,Attribution-NonCommercial-ShareAlike License,http://creativecommons.org/licenses/by-nc-sa/2.0/,14,1904.50,0.0005,cec72370da9060d726bbe2a2026843aa05c9c75ccea45f59aa2c3a84caca1a9e
coco_train2017_000000277479.jpg,bottle_only,train2017,277479,http://images.cocodataset.org/train2017/000000277479.jpg,http://farm6.staticflickr.com/5281/5349955970_e1037af398_z.jpg,Attribution-NonCommercial-ShareAlike License,http://creativecommons.org/licenses/by-nc-sa/2.0/,14,751.80,0.0364,819047f2b1dae0e316346ba10cd73f112c2444ced8c1350a8cbb49809dbf9161
coco_train2017_000000280508.jpg,bottle_only,train2017,280508,http://images.cocodataset.org/train2017/000000280508.jpg,http://farm3.staticflickr.com/2120/2246690927_4551a59f49_z.jpg,Attribution-NonCommercial License,http://creativecommons.org/licenses/by-nc/2.0/,14,2285.04,0.0373,9554ef74229758311d93a736033ebaa53320b5f8b78313fd4838aa195f4bfab8
coco_train2017_000000295564.jpg,bottle_only,train2017,295564,http://images.cocodataset.org/train2017/000000295564.jpg,http://farm4.staticflickr.com/3508/3941398171_313732f4a8_z.jpg,Attribution License,http://creativecommons.org/licenses/by/2.0/,14,4265.19,0.0257,c6d32a62734c1c1b2effa209fccaab1746d90e802bcd0062028486f646fe718f
coco_train2017_000000300806.jpg,bottle_only,train2017,300806,http://images.cocodataset.org/train2017/000000300806.jpg,http://farm4.staticflickr.com/3627/3358723927_de6da955f9_z.jpg,Attribution-NonCommercial License,http://creativecommons.org/licenses/by-nc/2.0/,14,2018.02,0.0000,31dcaba305207f869d501ccb75e4aa34a707eadd0c7ef1d5e62ef76883efed69
coco_train2017_000000301977.jpg,bottle_only,train2017,301977,http://images.cocodataset.org/train2017/000000301977.jpg,http://farm3.staticflickr.com/2670/4140871818_fe3620c119_z.jpg,Attribution-ShareAlike License,http://creativecommons.org/licenses/by-sa/2.0/,14,2605.35,0.0007,efea7c7de5ac9b71200adf242b0b6742720a03404484e776ab17b7c9b3be83ae
coco_train2017_000000315474.jpg,bottle_only,train2017,315474,http://images.cocodataset.org/train2017/000000315474.jpg,http://farm3.staticflickr.com/2209/2145310143_9c98cf5576_z.jpg,Attribution-NonCommercial License,http://creativecommons.org/licenses/by-nc/2.0/,14,2391.41,0.0086,105a998be2890855250f774ea28d1777c55a10d5893d3cf152c820b3eee7c190
coco_train2017_000000335085.jpg,bottle_only,train2017,335085,http://images.cocodataset.org/train2017/000000335085.jpg,http://farm6.staticflickr.com/5471/9835198365_4de0def7cc_z.jpg,Attribution License,http://creativecommons.org/licenses/by/2.0/,14,2337.70,0.0287,e15e4b5bae51884292d3b5f27e90f442889cf443f22276f34b45ace4264f8010
coco_val2017_000000340697.jpg,bottle_only,val2017,340697,http://images.cocodataset.org/val2017/000000340697.jpg,http://farm1.staticflickr.com/47/170703099_b6100a3c3f_z.jpg,Attribution-NonCommercial License,http://creativecommons.org/licenses/by-nc/2.0/,14,2631.31,0.0093,e8561c69704c7b6b901d95c2555dd4d8758534b94dc661f23c9dfd901013fc4c
coco_train2017_000000364437.jpg,bottle_only,train2017,364437,http://images.cocodataset.org/train2017/000000364437.jpg,http://farm5.staticflickr.com/4025/4618511821_a7b6220f15_z.jpg,Attribution-NonCommercial-ShareAlike License,http://creativecommons.org/licenses/by-nc-sa/2.0/,2,938.12,0.0003,bd6c589d751e1a5590298318b3be10663387630c4ffaf26566b117c58cf42e05
coco_val2017_000000463842.jpg,bottle_only,val2017,463842,http://images.cocodataset.org/val2017/000000463842.jpg,http://farm4.staticflickr.com/3067/2680475783_db70bb9eb4_z.jpg,Attribution-NonCommercial-ShareAlike License,http://creativecommons.org/licenses/by-nc-sa/2.0/,14,1945.18,0.0195,7e534102e2fa1c5436cd8f2a162509d77c0f37c0fbd0de6cad7a9c22ba0a7cc9
coco_train2017_000000465087.jpg,bottle_only,train2017,465087,http://images.cocodataset.org/train2017/000000465087.jpg,http://farm5.staticflickr.com/4142/5441813830_bdce523875_z.jpg,Attribution-NonCommercial-ShareAlike License,http://creativecommons.org/licenses/by-nc-sa/2.0/,14,1613.62,0.0038,14e7213764317af8ce950a752699dc19471472ab329eb29fe6cd77e8bc4bff13
coco_train2017_000000482696.jpg,bottle_only,train2017,482696,http://images.cocodataset.org/train2017/000000482696.jpg,http://farm4.staticflickr.com/3087/3086725851_65cbb3a71e_z.jpg,Attribution-NonCommercial-ShareAlike License,http://creativecommons.org/licenses/by-nc-sa/2.0/,14,999.81,0.0001,c947aa6150df70930692299b6c7684be738fa295c75c6a721409d0f62ab4d0f3
coco_train2017_000000483553.jpg,bottle_only,train2017,483553,http://images.cocodataset.org/train2017/000000483553.jpg,http://farm8.staticflickr.com/7108/7626484634_a0ea864a80_z.jpg,Attribution License,http://creativecommons.org/licenses/by/2.0/,14,2127.78,0.0153,c4b174976e383ee409222a86addd97de2d04354dd70a8aac76fd4c593de4bdba
coco_train2017_000000515019.jpg,bottle_only,train2017,515019,http://images.cocodataset.org/train2017/000000515019.jpg,http://farm4.staticflickr.com/3133/3145749330_7c1453873c_z.jpg,Attribution-NonCommercial-ShareAlike License,http://creativecommons.org/licenses/by-nc-sa/2.0/,14,1110.08,0.0023,b6cd189a580b596c0dd0edb5376b857197ae63a50e1f7d9a29372540917ecdb1
coco_train2017_000000521357.jpg,bottle_only,train2017,521357,http://images.cocodataset.org/train2017/000000521357.jpg,http://farm6.staticflickr.com/5107/5671721371_d390a9167a_z.jpg,Attribution License,http://creativecommons.org/licenses/by/2.0/,14,2264.55,0.0117,366bf8150fac80b8151223d4eaff676ce37a27a7afe6e8eee7e7403a661cedb0
coco_train2017_000000551877.jpg,bottle_only,train2017,551877,http://images.cocodataset.org/train2017/000000551877.jpg,http://farm4.staticflickr.com/3194/2751061340_cf2aa90f32_z.jpg,Attribution-NonCommercial-ShareAlike License,http://creativecommons.org/licenses/by-nc-sa/2.0/,14,2000.37,0.0102,ce7fe72a37b9362a0a5d794c114de93c85a0004a6e6cb6aa0f3af8b61900cd1b
coco_train2017_000000566969.jpg,bottle_only,train2017,566969,http://images.cocodataset.org/train2017/000000566969.jpg,http://farm1.staticflickr.com/28/59199969_9dd68a2fe4_z.jpg,Attribution-NonCommercial License,http://creativecommons.org/licenses/by-nc/2.0/,14,1671.25,0.0006,33aec7a2256bbe392d59de5c4cea244e9d8e60db79ee1f4e8028ffeee820c0d4
coco_train2017_000000574492.jpg,bottle_only,train2017,574492,http://images.cocodataset.org/train2017/000000574492.jpg,http://farm2.staticflickr.com/1053/1429376084_cedbe72d89_z.jpg,Attribution-NonCommercial-ShareAlike License,http://creativecommons.org/licenses/by-nc-sa/2.0/,14,917.38,0.0000,f2fa30660faf2f95ca9041ec163f6b765012d7b5a8bdee8902602981c62509f0
coco_train2017_000000581632.jpg,bottle_only,train2017,581632,http://images.cocodataset.org/train2017/000000581632.jpg,http://farm9.staticflickr.com/8230/8567650789_94f93a3df2_z.jpg,Attribution-NonCommercial License,http://creativecommons.org/licenses/by-nc/2.0/,14,2205.07,0.0016,b9f1cc6a9682060c1067ee7bfe77e6ccd9da9586315ac2f8c25ade77e8eb162c
coco_train2017_000000261843.jpg,bottle_only,train2017,261843,http://images.cocodataset.org/train2017/000000261843.jpg,http://farm4.staticflickr.com/3187/3106071608_e606309a5e_z.jpg,Attribution-NonCommercial-ShareAlike License,http://creativecommons.org/licenses/by-nc-sa/2.0/,7,1466.50,0.0002,7e821d85d0f250a06f52f7744c88a0e4030c2e6910bfc80848d148de344334d3
coco_train2017_000000287962.jpg,bottle_only,train2017,287962,http://images.cocodataset.org/train2017/000000287962.jpg,http://farm5.staticflickr.com/4035/4465785869_05d22bee4e_z.jpg,Attribution-ShareAlike License,http://creativecommons.org/licenses/by-sa/2.0/,14,1666.06,0.0000,b4ce85640d049a05e1cf1453f4ce7b70fc9d4c5665f5c23b74461186a6790204
coco_train2017_000000301449.jpg,bottle_only,train2017,301449,http://images.cocodataset.org/train2017/000000301449.jpg,http://farm9.staticflickr.com/8096/8494878390_2d74c30921_z.jpg,Attribution License,http://creativecommons.org/licenses/by/2.0/,10,2240.39,0.0171,31ce9aa2b1830c8dbcb8dbfddd4553e356e9f7114747d7264f53853e0223dab3
coco_train2017_000000555904.jpg,bottle_only,train2017,555904,http://images.cocodataset.org/train2017/000000555904.jpg,http://farm5.staticflickr.com/4050/4585522055_f3983904e7_z.jpg,Attribution-NonCommercial License,http://creativecommons.org/licenses/by-nc/2.0/,14,1968.75,0.0112,1927363679d386a2323e01bd5ae344c77c1c3ee2e77f78b73f1787c1aa4a7f25
coco_train2017_000000223875.jpg,bottle_only,train2017,223875,http://images.cocodataset.org/train2017/000000223875.jpg,http://farm4.staticflickr.com/3319/3451522841_2fa8ef7a73_z.jpg,Attribution-NonCommercial-ShareAlike License,http://creativecommons.org/licenses/by-nc-sa/2.0/,1,1445.10,0.0955,8df66a3d580689f7fb3d0cbfb8e0608b1de47beb05cd587d00f172e060ed2120
coco_train2017_000000181156.jpg,bottle_only,train2017,181156,http://images.cocodataset.org/train2017/000000181156.jpg,http://farm8.staticflickr.com/7190/6825723406_8e52e12fdb_z.jpg,Attribution-NonCommercial-ShareAlike License,http://creativecommons.org/licenses/by-nc-sa/2.0/,14,1210.69,0.0000,e1387e82c6555cbdf1a393d4b6d69dd8c530288f0dd6c3247e5ee6b01951947b
coco_train2017_000000337146.jpg,bottle_only,train2017,337146,http://images.cocodataset.org/train2017/000000337146.jpg,http://farm6.staticflickr.com/5453/9476292820_a7369ef255_z.jpg,Attribution-NonCommercial-ShareAlike License,http://creativecommons.org/licenses/by-nc-sa/2.0/,14,1602.10,0.0006,fa6f911937515ad631ae0929bdacecd32376c93de7e55b90b9a26f7804086e42
coco_train2017_000000217700.jpg,bottle_only,train2017,217700,http://images.cocodataset.org/train2017/000000217700.jpg,http://farm7.staticflickr.com/6021/5989687909_d16d4d0213_z.jpg,Attribution-NonCommercial-ShareAlike License,http://creativecommons.org/licenses/by-nc-sa/2.0/,14,1171.07,0.0000,12e38465d31a70287f3f341fcecb9567af6358d30c4b3e19bbd48e8960d102bc
coco_train2017_000000044112.jpg,bottle_only,train2017,44112,http://images.cocodataset.org/train2017/000000044112.jpg,http://farm3.staticflickr.com/2495/4021243055_55ca5afe7f_z.jpg,Attribution License,http://creativecommons.org/licenses/by/2.0/,13,753.90,0.0000,d3f6c1c5a5b94c44e33134c659b32ac352a67b6a77cc566bd45ccb3c2bcf3b7d
coco_train2017_000000162813.jpg,bottle_only,train2017,162813,http://images.cocodataset.org/train2017/000000162813.jpg,http://farm9.staticflickr.com/8250/8561538914_fc3f8cb31a_z.jpg,Attribution-NonCommercial-ShareAlike License,http://creativecommons.org/licenses/by-nc-sa/2.0/,13,1592.65,0.0000,90873c5fb064909f803417e21e891964dce9fde6bbf8511aa78a6212b54b226c
coco_train2017_000000197398.jpg,bottle_only,train2017,197398,http://images.cocodataset.org/train2017/000000197398.jpg,http://farm4.staticflickr.com/3791/9161792032_1230058c7c_z.jpg,Attribution-NonCommercial License,http://creativecommons.org/licenses/by-nc/2.0/,1,459.76,0.0000,2dce36aec84851030e64eef4b1be64765e39edf0ee88b1205a99350b336f0af0
coco_train2017_000000204502.jpg,bottle_only,train2017,204502,http://images.cocodataset.org/train2017/000000204502.jpg,http://farm6.staticflickr.com/5187/5675412940_536e6aa576_z.jpg,Attribution License,http://creativecommons.org/licenses/by/2.0/,1,1890.19,0.0058,02fe08b679de87b67962257c1a249545e92033c2442f9d7be463db803d1c3589
coco_train2017_000000224961.jpg,bottle_only,train2017,224961,http://images.cocodataset.org/train2017/000000224961.jpg,http://farm8.staticflickr.com/7443/10020161105_01ff86d94f_z.jpg,Attribution License,http://creativecommons.org/licenses/by/2.0/,13,990.78,0.0356,e0de951fefd429cbca4d56b88f5dc4d6f296e7289829680d3ea9d3c99353c5ca
coco_train2017_000000298290.jpg,bottle_only,train2017,298290,http://images.cocodataset.org/train2017/000000298290.jpg,http://farm7.staticflickr.com/6055/6349854558_248968f5bd_z.jpg,Attribution License,http://creativecommons.org/licenses/by/2.0/,13,2102.78,0.0924,23a4cdd11ac1448f18e0878fd396d48715815dbe99cd77c2024736e3e9b732a8
coco_train2017_000000413539.jpg,bottle_only,train2017,413539,http://images.cocodataset.org/train2017/000000413539.jpg,http://farm4.staticflickr.com/3634/3502460518_5858dc2d85_z.jpg,Attribution License,http://creativecommons.org/licenses/by/2.0/,1,1194.58,0.0078,eecdcd1227bd7572f08aa8cd6334ed6f4bb3b18bae9ae1df93cd7b7a2711a690
coco_train2017_000000437541.jpg,bottle_only,train2017,437541,http://images.cocodataset.org/train2017/000000437541.jpg,http://farm4.staticflickr.com/3519/4554516064_2eb87cc5f0_z.jpg,Attribution License,http://creativecommons.org/licenses/by/2.0/,1,1022.50,0.0121,ed1e0657ced3bdd7b436e77df86225a1dcf50af4a942ab2798b40e979ef92193
coco_train2017_000000467973.jpg,bottle_only,train2017,467973,http://images.cocodataset.org/train2017/000000467973.jpg,http://farm4.staticflickr.com/3389/3454799233_6ac0678766_z.jpg,Attribution-NonCommercial-ShareAlike License,http://creativecommons.org/licenses/by-nc-sa/2.0/,1,835.47,0.0001,d7bef1b02cb3d24df2a000c123932a94784ffe72313cdd501ce6dbcfb8b965fc
coco_train2017_000000571786.jpg,bottle_only,train2017,571786,http://images.cocodataset.org/train2017/000000571786.jpg,http://farm2.staticflickr.com/1191/5157350303_cf72f9eed8_z.jpg,Attribution License,http://creativecommons.org/licenses/by/2.0/,1,1297.65,0.0082,3a9d7596667011d376158f458a79a1dacbc080711aa9f1b720974d90ebaedd16
coco_train2017_000000115930.jpg,bottle_only,train2017,115930,http://images.cocodataset.org/train2017/000000115930.jpg,http://farm9.staticflickr.com/8053/8447275481_a5470551fe_z.jpg,Attribution License,http://creativecommons.org/licenses/by/2.0/,14,4034.57,0.0154,60c34541d8615721beb39bf91ca0b3e6d8ccd4ec4f63c049d6cc61ce78524155
coco_train2017_000000549327.jpg,bottle_only,train2017,549327,http://images.cocodataset.org/train2017/000000549327.jpg,http://farm2.staticflickr.com/1378/1007245911_f89357fb70_z.jpg,Attribution License,http://creativecommons.org/licenses/by/2.0/,14,1203.23,0.0000,82af159c44ae805d81924147f5dd1cced6ba73390e4200682d5b6019ffca10a6
coco_train2017_000000139291.jpg,bottle_only,train2017,139291,http://images.cocodataset.org/train2017/000000139291.jpg,http://farm2.staticflickr.com/1351/1335373422_3b1ba1d5ea_z.jpg,Attribution License,http://creativecommons.org/licenses/by/2.0/,14,2425.22,0.0626,28945775741fd3257f0c4e3828479d56f1db22c9e73471a5610053f36de8a60c
coco_train2017_000000290974.jpg,bottle_only,train2017,290974,http://images.cocodataset.org/train2017/000000290974.jpg,http://farm8.staticflickr.com/7101/7169368625_8ca90a045d_z.jpg,Attribution-NonCommercial-ShareAlike License,http://creativecommons.org/licenses/by-nc-sa/2.0/,1,1302.43,0.1243,128e0dd07164974a32945cc10f321a3e61cd4ed37db6939eaf73ba94c8dbe479
coco_train2017_000000026052.jpg,bottle_only,train2017,26052,http://images.cocodataset.org/train2017/000000026052.jpg,http://farm9.staticflickr.com/8174/8070057261_cf87000576_z.jpg,Attribution-NonCommercial-ShareAlike License,http://creativecommons.org/licenses/by-nc-sa/2.0/,2,930.46,0.0000,26d4a2aeff43bdb989db57ea1977e90082a8bbf182e928aebbd6ceac94d7b352
coco_train2017_000000550529.jpg,bottle_only,train2017,550529,http://images.cocodataset.org/train2017/000000550529.jpg,http://farm8.staticflickr.com/7069/6927091799_8e37b8e2ac_z.jpg,Attribution-NonCommercial License,http://creativecommons.org/licenses/by-nc/2.0/,14,4527.51,0.0001,e8aa0885997f6ba3b8ef9c6872cf4347a4202291daf078e954bd997698d954c8
coco_train2017_000000041027.jpg,bottle_only,train2017,41027,http://images.cocodataset.org/train2017/000000041027.jpg,http://farm1.staticflickr.com/111/251617184_cc52b14625_z.jpg,Attribution License,http://creativecommons.org/licenses/by/2.0/,12,3079.12,0.0498,c46c7ce107107f65fea555bd6fc1bfe3f7fed69b2205b404072c5d81bb6609a0
coco_train2017_000000235464.jpg,bottle_only,train2017,235464,http://images.cocodataset.org/train2017/000000235464.jpg,http://farm4.staticflickr.com/3323/3327517530_3beff25359_z.jpg,Attribution-NonCommercial-ShareAlike License,http://creativecommons.org/licenses/by-nc-sa/2.0/,14,1602.15,0.0000,f6f9fb6df358ca9358eb06b399469254b7dd3858dc53ba2d3ac92bad20833e91
coco_train2017_000000318306.jpg,bottle_only,train2017,318306,http://images.cocodataset.org/train2017/000000318306.jpg,http://farm3.staticflickr.com/2721/4428068865_235307b59d_z.jpg,Attribution License,http://creativecommons.org/licenses/by/2.0/,2,1747.25,0.0041,5fc53c801dfe13a116c12dde5d15d0d55db20eaa18ca654c0501e407fa1a1be9
coco_train2017_000000063974.jpg,bottle_only,train2017,63974,http://images.cocodataset.org/train2017/000000063974.jpg,http://farm3.staticflickr.com/2348/2283037659_c5724eebf1_z.jpg,Attribution-ShareAlike License,http://creativecommons.org/licenses/by-sa/2.0/,14,1682.44,0.0215,33fdf4ff7675ec6950a28f19ebdc9b3206284670346ed34376a3873be0549393
coco_train2017_000000507876.jpg,bottle_only,train2017,507876,http://images.cocodataset.org/train2017/000000507876.jpg,http://farm8.staticflickr.com/7059/6946133371_af149158a7_z.jpg,Attribution License,http://creativecommons.org/licenses/by/2.0/,14,2001.13,0.0004,c9e01f5f620bad7e70aaca051023dc3a4753a49740d320435246e5a83ca82417
coco_train2017_000000563098.jpg,bottle_only,train2017,563098,http://images.cocodataset.org/train2017/000000563098.jpg,http://farm8.staticflickr.com/7284/8737000897_8efa87b18d_z.jpg,Attribution License,http://creativecommons.org/licenses/by/2.0/,6,2602.41,0.0165,bd53bf8c67a00f60f01051e0d9c1e233e892a0d45541346637ce3d9db19777c8
coco_train2017_000000024794.jpg,bottle_only,train2017,24794,http://images.cocodataset.org/train2017/000000024794.jpg,http://farm1.staticflickr.com/108/276890512_14b9327282_z.jpg,Attribution License,http://creativecommons.org/licenses/by/2.0/,1,1973.92,0.0347,7185d958abaecfc8c463abfb19c545c39ec2a0267ac4084ff664e20f8b37642a
coco_train2017_000000544150.jpg,bottle_only,train2017,544150,http://images.cocodataset.org/train2017/000000544150.jpg,http://farm5.staticflickr.com/4121/4739736579_f6c524e1b4_z.jpg,Attribution License,http://creativecommons.org/licenses/by/2.0/,2,2352.84,0.1251,645cb0206c8f63f33f3309237ae7ea88989d5857913eb120ea4b0e347b21c2c8
coco_train2017_000000423141.jpg,bottle_only,train2017,423141,http://images.cocodataset.org/train2017/000000423141.jpg,http://farm8.staticflickr.com/7063/7124992983_90db2cd55e_z.jpg,Attribution License,http://creativecommons.org/licenses/by/2.0/,1,725.03,0.0182,13ad2489c0be67d354e6c769d990022cbb8de20d6565484fcddf97253ce372b4
coco_train2017_000000215872.jpg,bottle_only,train2017,215872,http://images.cocodataset.org/train2017/000000215872.jpg,http://farm3.staticflickr.com/2630/4334077317_bc8c92dd5e_z.jpg,Attribution-NonCommercial-ShareAlike License,http://creativecommons.org/licenses/by-nc-sa/2.0/,2,1500.66,0.0283,1e438975d75ac51a5bbac9efc4f179b0fdbdeaa0f4cedfddce473c2f44bdc049
coco_train2017_000000541856.jpg,bottle_only,train2017,541856,http://images.cocodataset.org/train2017/000000541856.jpg,http://farm4.staticflickr.com/3534/3946672692_c638cc0205_z.jpg,Attribution-NonCommercial License,http://creativecommons.org/licenses/by-nc/2.0/,14,1701.67,0.0007,d56f84ca958fbe54c204b1b976b9b0e8b4fc509ec8c394d3a48f566c002fff2e
coco_val2017_000000512330.jpg,bottle_only,val2017,512330,http://images.cocodataset.org/val2017/000000512330.jpg,http://farm4.staticflickr.com/3052/3004220244_392298df6c_z.jpg,Attribution-NonCommercial License,http://creativecommons.org/licenses/by-nc/2.0/,14,1665.43,0.0781,a97b7899f984d8cbb9505b659cb428c3654a4a7d3505178036e316926c73f0b6
coco_train2017_000000431495.jpg,bottle_only,train2017,431495,http://images.cocodataset.org/train2017/000000431495.jpg,http://farm5.staticflickr.com/4145/5106720379_d1412fc8cb_z.jpg,Attribution-NonCommercial-ShareAlike License,http://creativecommons.org/licenses/by-nc-sa/2.0/,2,1252.88,0.0073,5e31d9a56e502dcae9717933f90f19e22057fd8ae842125633424039b2141b4c
coco_train2017_000000468068.jpg,bottle_only,train2017,468068,http://images.cocodataset.org/train2017/000000468068.jpg,http://farm8.staticflickr.com/7135/8169426071_d68b3a97aa_z.jpg,Attribution-ShareAlike License,http://creativecommons.org/licenses/by-sa/2.0/,2,1315.06,0.0000,f60e594d5e0efa115e02a27fc92067cefd0ba2f783688f94b8d0e016ea2f1436
coco_train2017_000000048908.jpg,bottle_only,train2017,48908,http://images.cocodataset.org/train2017/000000048908.jpg,http://farm8.staticflickr.com/7459/8718830895_c3c3ac5262_z.jpg,Attribution-ShareAlike License,http://creativecommons.org/licenses/by-sa/2.0/,14,710.72,0.0000,40a6881eedcb14dace0aef4f5c03861514e67f61fef30056bf31c883a9433ca0
coco_train2017_000000239376.jpg,bottle_only,train2017,239376,http://images.cocodataset.org/train2017/000000239376.jpg,http://farm7.staticflickr.com/6116/6322664484_59254576c5_z.jpg,Attribution-NonCommercial License,http://creativecommons.org/licenses/by-nc/2.0/,14,816.56,0.0718,620153f4d88fbafcffd203a16d92c7af94e4408e40b0ce26ea9c47d40ba4b7cb
coco_train2017_000000163255.jpg,bottle_only,train2017,163255,http://images.cocodataset.org/train2017/000000163255.jpg,http://farm5.staticflickr.com/4041/4604523114_6f06dcba15_z.jpg,Attribution License,http://creativecommons.org/licenses/by/2.0/,2,1371.04,0.0217,f81e927799b2ad883fe3372ec500a8f4c18f14e9801db090a1d29031ad416b25
coco_train2017_000000307138.jpg,bottle_only,train2017,307138,http://images.cocodataset.org/train2017/000000307138.jpg,http://farm6.staticflickr.com/5191/6918759998_5016d2697b_z.jpg,Attribution-NonCommercial-ShareAlike License,http://creativecommons.org/licenses/by-nc-sa/2.0/,2,283.90,0.0000,2f5b50efc53fdcf0f6baaeb156e11ed7723546a33143fad6884c62a9c3f8d1a5
coco_train2017_000000430261.jpg,bottle_only,train2017,430261,http://images.cocodataset.org/train2017/000000430261.jpg,http://farm6.staticflickr.com/5091/5575899261_0c21747a18_z.jpg,Attribution-ShareAlike License,http://creativecommons.org/licenses/by-sa/2.0/,2,858.10,0.0004,37eb2c1c72f0a8b93e15febe057733d60f77f9b7aee53790d94df7dd632ddc81
coco_train2017_000000535335.jpg,bottle_only,train2017,535335,http://images.cocodataset.org/train2017/000000535335.jpg,http://farm8.staticflickr.com/7225/7235291206_3bae786a0c_z.jpg,Attribution-NonCommercial-ShareAlike License,http://creativecommons.org/licenses/by-nc-sa/2.0/,2,808.05,0.0483,8f6ab3e35055cd49db4533943f50d8a99f2a75954a80db7d84248266f4eb74e7
coco_train2017_000000464622.jpg,bottle_only,train2017,464622,http://images.cocodataset.org/train2017/000000464622.jpg,http://farm8.staticflickr.com/7041/6918754982_99aaf3f914_z.jpg,Attribution-NonCommercial-ShareAlike License,http://creativecommons.org/licenses/by-nc-sa/2.0/,6,629.13,0.0004,8b7cdb11c68bbbe9494a82b6b035f10b39efe968f02987c83d9af3c6f5cd7b49
coco_train2017_000000215330.jpg,bottle_only,train2017,215330,http://images.cocodataset.org/train2017/000000215330.jpg,http://farm4.staticflickr.com/3398/3423169746_c213081c45_z.jpg,Attribution License,http://creativecommons.org/licenses/by/2.0/,11,1897.62,0.0123,2913ca6a85d13f308b9fd8e5026bc618fe34b04ab1bb4abc00adafbeae3179bc
coco_train2017_000000067657.jpg,bottle_only,train2017,67657,http://images.cocodataset.org/train2017/000000067657.jpg,http://farm9.staticflickr.com/8070/8252967875_863a568231_z.jpg,Attribution-ShareAlike License,http://creativecommons.org/licenses/by-sa/2.0/,1,1324.51,0.0052,c51e7d71c0e65b92454fe78ac6f3b7173f3c40d2892525c52f45fb6fef5402cd
coco_train2017_000000272176.jpg,bottle_only,train2017,272176,http://images.cocodataset.org/train2017/000000272176.jpg,http://farm3.staticflickr.com/2514/3847355458_3d9712f378_z.jpg,Attribution-NonCommercial License,http://creativecommons.org/licenses/by-nc/2.0/,1,1875.35,0.0001,acb637ddb97b36a3369c7048f918b380bb067e9ccc372f28fbc72f36ae3bf109
coco_train2017_000000294716.jpg,bottle_only,train2017,294716,http://images.cocodataset.org/train2017/000000294716.jpg,http://farm2.staticflickr.com/1115/619536476_5070ba55ed_z.jpg,Attribution-NonCommercial License,http://creativecommons.org/licenses/by-nc/2.0/,14,774.77,0.0000,b1ee76af4f6dbfe1c2968a3498a5c4a6b203dde969aa941657d22cd648fcbaf6
coco_train2017_000000019358.jpg,bottle_only,train2017,19358,http://images.cocodataset.org/train2017/000000019358.jpg,http://farm4.staticflickr.com/3441/3991098638_b029e135a2_z.jpg,Attribution License,http://creativecommons.org/licenses/by/2.0/,1,1654.37,0.0159,89dfc99f79fe5ed6effee1d7f3bab4c2846b69a7a302b723079d9546ad201b0d
coco_train2017_000000060450.jpg,bottle_only,train2017,60450,http://images.cocodataset.org/train2017/000000060450.jpg,http://farm1.staticflickr.com/48/188245804_48ac5ec450_z.jpg,Attribution-NonCommercial License,http://creativecommons.org/licenses/by-nc/2.0/,1,199.08,0.0296,ceb781a93664d14df78ab6ec2c9f33985a21458e1670e022ce684ae77a25e3f3
coco_train2017_000000072872.jpg,bottle_only,train2017,72872,http://images.cocodataset.org/train2017/000000072872.jpg,http://farm7.staticflickr.com/6143/5976840763_b7eef6570b_z.jpg,Attribution-NonCommercial-ShareAlike License,http://creativecommons.org/licenses/by-nc-sa/2.0/,1,1497.75,0.1525,1ff9ba8acca378fd4f0562321419c41a13add671930e4883ab6fc5a7ac039361
coco_train2017_000000090802.jpg,bottle_only,train2017,90802,http://images.cocodataset.org/train2017/000000090802.jpg,http://farm5.staticflickr.com/4042/4377899853_c828a183e1_z.jpg,Attribution License,http://creativecommons.org/licenses/by/2.0/,1,594.15,0.0063,3da1cd6369bbd6a46e307f1fbc99950fd0df26aa2158de2ad8f648394fc72fa4
coco_train2017_000000120491.jpg,bottle_only,train2017,120491,http://images.cocodataset.org/train2017/000000120491.jpg,http://farm9.staticflickr.com/8249/8540942010_7ac0d786e3_z.jpg,Attribution-NonCommercial-ShareAlike License,http://creativecommons.org/licenses/by-nc-sa/2.0/,1,608.10,0.0079,bee490ccdf65868f5df9ea16fbb452a0990e8af5a3a60b8bb57ad6e936659015
coco_val2017_000000187249.jpg,bottle_only,val2017,187249,http://images.cocodataset.org/val2017/000000187249.jpg,http://farm1.staticflickr.com/30/35239071_15bde94e10_z.jpg,Attribution-NonCommercial-ShareAlike License,http://creativecommons.org/licenses/by-nc-sa/2.0/,1,869.50,0.0037,56fa45f1e2d627d0bf4f4f0e6c133659783d22b0a56979227f803bfd3056b153
coco_train2017_000000191772.jpg,bottle_only,train2017,191772,http://images.cocodataset.org/train2017/000000191772.jpg,http://farm1.staticflickr.com/5/6108850_9c03b68f3e_z.jpg,Attribution-NonCommercial-ShareAlike License,http://creativecommons.org/licenses/by-nc-sa/2.0/,1,1364.83,0.0096,bae2a901a45a848f24c492648f59087cd9e9d82bc61a277603ee86aee826976c
coco_train2017_000000221893.jpg,bottle_only,train2017,221893,http://images.cocodataset.org/train2017/000000221893.jpg,http://farm3.staticflickr.com/2614/3928374092_8494db5590_z.jpg,Attribution License,http://creativecommons.org/licenses/by/2.0/,1,1410.55,0.0020,72e4fb3a8067cb65a7928df644e426e8b1832ddfbbf4a4f8e3edc281c9b2e0db
coco_train2017_000000287872.jpg,bottle_only,train2017,287872,http://images.cocodataset.org/train2017/000000287872.jpg,http://farm8.staticflickr.com/7146/6786717825_dde0705f67_z.jpg,Attribution-NonCommercial-ShareAlike License,http://creativecommons.org/licenses/by-nc-sa/2.0/,1,857.51,0.0089,2c79e41bbbac97e8b0799195412ed2668bfad6baab946d2a20a35a054b09eb5e
coco_train2017_000000288023.jpg,bottle_only,train2017,288023,http://images.cocodataset.org/train2017/000000288023.jpg,http://farm1.staticflickr.com/247/451653453_cf3a6efbc4_z.jpg,Attribution-NonCommercial License,http://creativecommons.org/licenses/by-nc/2.0/,1,914.97,0.0048,7a45a6a8e17cdcd0f6906bdda6c1e3a5976aba34b9b44ca4fd518c180ed73834
coco_train2017_000000302716.jpg,bottle_only,train2017,302716,http://images.cocodataset.org/train2017/000000302716.jpg,http://farm4.staticflickr.com/3429/3287685183_438f4e2f21_z.jpg,Attribution-NonCommercial License,http://creativecommons.org/licenses/by-nc/2.0/,7,329.29,0.0008,5c59638d2e4822c034181be85236600eaf4e35fb4a0c7b03b55d6bd933718a70
coco_train2017_000000336314.jpg,bottle_only,train2017,336314,http://images.cocodataset.org/train2017/000000336314.jpg,http://farm6.staticflickr.com/5538/9243951693_39129f14c6_z.jpg,Attribution License,http://creativecommons.org/licenses/by/2.0/,1,1569.17,0.0001,92673c25ef44f474f849dbcb18af167e0765ea2206680d099f393ef33a6d46d5
coco_train2017_000000352794.jpg,bottle_only,train2017,352794,http://images.cocodataset.org/train2017/000000352794.jpg,http://farm4.staticflickr.com/3366/3525733845_6c2b2df1e8_z.jpg,Attribution-NonCommercial-ShareAlike License,http://creativecommons.org/licenses/by-nc-sa/2.0/,1,267.02,0.0025,eb3d81d68da33fe3fcacf49a11452aada54f6f6e8b4778fd76e65b836ff91641
coco_train2017_000000390157.jpg,bottle_only,train2017,390157,http://images.cocodataset.org/train2017/000000390157.jpg,http://farm7.staticflickr.com/6087/6158169465_a1cc3f7190_z.jpg,Attribution License,http://creativecommons.org/licenses/by/2.0/,1,1492.02,0.0005,2825d8eefd95766c68078ac47259ac9dd1ec058a73ec958c5116cea4a2d2f4e3
coco_train2017_000000411083.jpg,bottle_only,train2017,411083,http://images.cocodataset.org/train2017/000000411083.jpg,http://farm4.staticflickr.com/3797/9234970161_3c1e520bf9_z.jpg,Attribution-ShareAlike License,http://creativecommons.org/licenses/by-sa/2.0/,1,319.16,0.0004,e124b582fdd43c98534c3dad55e68f50bc42ed91e99f83b0d86e953cb62d1432
coco_train2017_000000500761.jpg,bottle_only,train2017,500761,http://images.cocodataset.org/train2017/000000500761.jpg,http://farm6.staticflickr.com/5308/5569956171_cb956ac464_z.jpg,Attribution License,http://creativecommons.org/licenses/by/2.0/,1,1590.95,0.0073,526cafa0cb9c4dc578d587ef5319d666fae08416e98d63468ab9fe2e20cc06dc
coco_train2017_000000517453.jpg,bottle_only,train2017,517453,http://images.cocodataset.org/train2017/000000517453.jpg,http://farm3.staticflickr.com/2439/3806469993_98c178e17d_z.jpg,Attribution-ShareAlike License,http://creativecommons.org/licenses/by-sa/2.0/,1,464.72,0.0000,4644948a258c4091357dab04ba4692a4f374573739cfa9c75c8244c3975f30f5
coco_train2017_000000352908.jpg,bottle_only,train2017,352908,http://images.cocodataset.org/train2017/000000352908.jpg,http://farm6.staticflickr.com/5173/5467479724_1b40396d0f_z.jpg,Attribution-NonCommercial-ShareAlike License,http://creativecommons.org/licenses/by-nc-sa/2.0/,14,3078.25,0.0103,cfd54b68c274d388b426a2c8970f0a9f830b618a11370e7f59328be8472551c0
coco_train2017_000000015262.jpg,bottle_only,train2017,15262,http://images.cocodataset.org/train2017/000000015262.jpg,http://farm2.staticflickr.com/1206/714510713_351313885a_z.jpg,Attribution-NonCommercial-ShareAlike License,http://creativecommons.org/licenses/by-nc-sa/2.0/,1,970.14,0.0023,c7bdd6e671624fadfc3dc2b4606966161cb7b86fedfa4402b235e49ee2790e51
coco_train2017_000000283682.jpg,bottle_only,train2017,283682,http://images.cocodataset.org/train2017/000000283682.jpg,http://farm4.staticflickr.com/3734/10044146345_d884616f7d_z.jpg,Attribution-NonCommercial-ShareAlike License,http://creativecommons.org/licenses/by-nc-sa/2.0/,14,2326.19,0.0012,e08e34fbe0c80593db8dcf1c3b214e20b8919361a92eafe877d9f295cf6723b8
coco_train2017_000000056032.jpg,bottle_only,train2017,56032,http://images.cocodataset.org/train2017/000000056032.jpg,http://farm8.staticflickr.com/7139/7075663515_1fd901b88a_z.jpg,Attribution-NonCommercial-ShareAlike License,http://creativecommons.org/licenses/by-nc-sa/2.0/,3,739.55,0.0000,a25a06b953c2e49469943483eb3554e58f11c4944bfdbd46e4a81ed9df20fecd
coco_train2017_000000545381.jpg,bottle_only,train2017,545381,http://images.cocodataset.org/train2017/000000545381.jpg,http://farm8.staticflickr.com/7222/7133772321_5d009df31a_z.jpg,Attribution License,http://creativecommons.org/licenses/by/2.0/,1,2353.73,0.1920,6ac7c1dd208fb0987257a61570cb9623b3c0697d17fa91b5b53ba80ec0bc280f
coco_train2017_000000265179.jpg,bottle_only,train2017,265179,http://images.cocodataset.org/train2017/000000265179.jpg,http://farm5.staticflickr.com/4115/4927170432_e1d73d9ee2_z.jpg,Attribution-NonCommercial-ShareAlike License,http://creativecommons.org/licenses/by-nc-sa/2.0/,1,403.54,0.0001,a3984b33bcbd527b3d843fefa81d375d1eaa06b3540b039b62889836c1757c42
coco_train2017_000000210999.jpg,bottle_only,train2017,210999,http://images.cocodataset.org/train2017/000000210999.jpg,http://farm4.staticflickr.com/3546/3397520670_2847571fec_z.jpg,Attribution-ShareAlike License,http://creativecommons.org/licenses/by-sa/2.0/,1,426.55,0.0006,ca10c315e2b13ad6184e3b6998b2cf2a19bacf84b06cd0780393fd502096029f
coco_train2017_000000304385.jpg,bottle_only,train2017,304385,http://images.cocodataset.org/train2017/000000304385.jpg,http://farm8.staticflickr.com/7302/8956467449_2b8fe4c4a8_z.jpg,Attribution-NonCommercial-ShareAlike License,http://creativecommons.org/licenses/by-nc-sa/2.0/,6,1009.75,0.0020,3fe8defcface79eafff44210787e3f2c8eb12f3b8522a916dd38abbc7213ce60
coco_train2017_000000576771.jpg,bottle_only,train2017,576771,http://images.cocodataset.org/train2017/000000576771.jpg,http://farm8.staticflickr.com/7080/7212381284_8dc8094c5e_z.jpg,Attribution-NonCommercial-ShareAlike License,http://creativecommons.org/licenses/by-nc-sa/2.0/,1,1402.24,0.0009,d9a115f97dfa9320f2f30b46e6d93332bf01207881ee700f5e930f7dd5f45e80
coco_train2017_000000434893.jpg,bottle_only,train2017,434893,http://images.cocodataset.org/train2017/000000434893.jpg,http://farm3.staticflickr.com/2306/3537450640_2e72680ca3_z.jpg,Attribution-NonCommercial-ShareAlike License,http://creativecommons.org/licenses/by-nc-sa/2.0/,1,926.81,0.0024,81f08c928c4516f6992cd6994a2d64f7c481738fd60481163f21ef1d166bd42f
coco_train2017_000000474571.jpg,bottle_only,train2017,474571,http://images.cocodataset.org/train2017/000000474571.jpg,http://farm5.staticflickr.com/4119/4941198159_57b2aa07d3_z.jpg,Attribution-NonCommercial-ShareAlike License,http://creativecommons.org/licenses/by-nc-sa/2.0/,1,841.87,0.0001,8fd332c339feb3b5277cc788b9d0c702f4390a5ee98196ab1f1325191152fbf1
coco_train2017_000000364722.jpg,bottle_only,train2017,364722,http://images.cocodataset.org/train2017/000000364722.jpg,http://farm4.staticflickr.com/3425/3740359744_e2a3710b1e_z.jpg,Attribution-ShareAlike License,http://creativecommons.org/licenses/by-sa/2.0/,1,525.18,0.0123,2103646c415f0d897105a5cfee2fc039951d1977c6383c01d81951692e29b25a
coco_train2017_000000319057.jpg,bottle_only,train2017,319057,http://images.cocodataset.org/train2017/000000319057.jpg,http://farm2.staticflickr.com/1180/696217468_c774e4e87c_z.jpg,Attribution-NonCommercial-ShareAlike License,http://creativecommons.org/licenses/by-nc-sa/2.0/,1,1772.02,0.0102,32626a1d3667b28b550acc0bd2f371e4baa9268d7d566056901434fcd1e4f38e
coco_train2017_000000119534.jpg,bottle_only,train2017,119534,http://images.cocodataset.org/train2017/000000119534.jpg,http://farm5.staticflickr.com/4141/4801611761_1c7145b461_z.jpg,Attribution-NonCommercial-ShareAlike License,http://creativecommons.org/licenses/by-nc-sa/2.0/,2,1176.12,0.0220,a56a4530fc9967c691aed22853c927afd065f78c1183f1f970109dd962d6dc6e
coco_val2017_000000173091.jpg,bottle_only,val2017,173091,http://images.cocodataset.org/val2017/000000173091.jpg,http://farm3.staticflickr.com/2884/9549240337_6b0d2f9d0e_z.jpg,Attribution-NonCommercial-ShareAlike License,http://creativecommons.org/licenses/by-nc-sa/2.0/,1,1011.90,0.0063,5bdb8ddfed0c5373619499698e9b5a4f1a1b9a151d6df7fcd49797e09533309c
coco_train2017_000000123336.jpg,bottle_only,train2017,123336,http://images.cocodataset.org/train2017/000000123336.jpg,http://farm4.staticflickr.com/3635/3453784680_07058d5570_z.jpg,Attribution-NonCommercial-ShareAlike License,http://creativecommons.org/licenses/by-nc-sa/2.0/,14,2187.96,0.0854,f86b1eebd51ee456d5ef7df039587c7aaead1647f15c5d6c657bde54d89c6d01
coco_train2017_000000074041.jpg,bottle_only,train2017,74041,http://images.cocodataset.org/train2017/000000074041.jpg,http://farm8.staticflickr.com/7297/8717023997_952abba944_z.jpg,Attribution-ShareAlike License,http://creativecommons.org/licenses/by-sa/2.0/,1,742.94,0.0000,72c3e9e385cbae14f002910d136ac0793a5a0df38b00336c33a2a1a2b10479ea
coco_train2017_000000193062.jpg,bottle_only,train2017,193062,http://images.cocodataset.org/train2017/000000193062.jpg,http://farm3.staticflickr.com/2376/2181570924_9898f369e1_z.jpg,Attribution-ShareAlike License,http://creativecommons.org/licenses/by-sa/2.0/,1,1345.42,0.0108,af3b3d24ff0b34d51ad1fb8662952f3a7c6b1a901c73b6469ccf6a3c567fec89
coco_val2017_000000277051.jpg,bottle_only,val2017,277051,http://images.cocodataset.org/val2017/000000277051.jpg,http://farm5.staticflickr.com/4067/4383973415_e93587c71d_z.jpg,Attribution-NonCommercial-ShareAlike License,http://creativecommons.org/licenses/by-nc-sa/2.0/,1,489.43,0.0089,931599e488b3d21bc7d1b79cd94287d4ff52c1edf84e53180764d80e0fbddbe7
coco_train2017_000000058677.jpg,bottle_only,train2017,58677,http://images.cocodataset.org/train2017/000000058677.jpg,http://farm6.staticflickr.com/5528/9298728752_5191da3602_z.jpg,Attribution-NonCommercial-ShareAlike License,http://creativecommons.org/licenses/by-nc-sa/2.0/,4,1040.34,0.0000,31c2e4dd23487750a02e740fd2d268ddf981167c7f144ff9ccd710f6593d8809
coco_train2017_000000098629.jpg,bottle_only,train2017,98629,http://images.cocodataset.org/train2017/000000098629.jpg,http://farm9.staticflickr.com/8039/8025111525_81b1dfaff4_z.jpg,Attribution-NonCommercial-ShareAlike License,http://creativecommons.org/licenses/by-nc-sa/2.0/,2,2084.85,0.0035,de80fc698aa16d9192507c8202c5608a6e475ae7c4493295aea40911b458b7d6
coco_train2017_000000070710.jpg,bottle_only,train2017,70710,http://images.cocodataset.org/train2017/000000070710.jpg,http://farm5.staticflickr.com/4121/4889769584_e79b3a1156_z.jpg,Attribution License,http://creativecommons.org/licenses/by/2.0/,1,1110.78,0.0013,fb0d1c33d8351f02fd5e472b152437bdeb2048703148fe64ac31605145e4b866
coco_train2017_000000007476.jpg,bottle_only,train2017,7476,http://images.cocodataset.org/train2017/000000007476.jpg,http://farm2.staticflickr.com/1288/566730891_50268ec390_z.jpg,Attribution-NonCommercial-ShareAlike License,http://creativecommons.org/licenses/by-nc-sa/2.0/,3,1007.77,0.0012,ee2e14eeef5c520b925fb82b4afcc59e6a4566b77e466c460dcd41f79cacb5bf
coco_train2017_000000157581.jpg,bottle_only,train2017,157581,http://images.cocodataset.org/train2017/000000157581.jpg,http://farm1.staticflickr.com/56/144985220_172de4d0d9_z.jpg,Attribution-NonCommercial License,http://creativecommons.org/licenses/by-nc/2.0/,11,1731.32,0.0051,e25275837594c084ead08a06c99ca54af1ae784375710981f88c4a2868626fd3
coco_train2017_000000498786.jpg,bottle_only,train2017,498786,http://images.cocodataset.org/train2017/000000498786.jpg,http://farm8.staticflickr.com/7028/6643755885_e242846ab0_z.jpg,Attribution-NonCommercial-ShareAlike License,http://creativecommons.org/licenses/by-nc-sa/2.0/,14,1620.10,0.0007,10bf3b23eeb08bc41985902bf7c90ccba21d42696cce69312c9127144a785e36
coco_train2017_000000108303.jpg,bottle_only,train2017,108303,http://images.cocodataset.org/train2017/000000108303.jpg,http://farm9.staticflickr.com/8259/8665684000_de21315947_z.jpg,Attribution-ShareAlike License,http://creativecommons.org/licenses/by-sa/2.0/,2,1151.45,0.0010,e8dac87e4de790b53d02ae4f98c87b59958daae1bad6e4004ea141dfcf03d89f
coco_train2017_000000310085.jpg,bottle_only,train2017,310085,http://images.cocodataset.org/train2017/000000310085.jpg,http://farm4.staticflickr.com/3096/3219115441_7b47ac3bbf_z.jpg,Attribution-NonCommercial License,http://creativecommons.org/licenses/by-nc/2.0/,1,971.10,0.0250,3ffc5d8783b7d64df3e226950ff182dc2711b5cf399761696b3e6582be20ab6b
coco_train2017_000000299122.jpg,bottle_only,train2017,299122,http://images.cocodataset.org/train2017/000000299122.jpg,http://farm9.staticflickr.com/8110/8463195624_c560d7ba2a_z.jpg,Attribution-NonCommercial-ShareAlike License,http://creativecommons.org/licenses/by-nc-sa/2.0/,13,2176.85,0.0056,2122374ca1e94d39ef3b5bef89f216be3f993ea62dd8c980a499c45cee82766d
coco_train2017_000000481530.jpg,bottle_only,train2017,481530,http://images.cocodataset.org/train2017/000000481530.jpg,http://farm5.staticflickr.com/4078/4801611043_7880a10d10_z.jpg,Attribution-NonCommercial-ShareAlike License,http://creativecommons.org/licenses/by-nc-sa/2.0/,2,1515.47,0.0082,fe266563f9a2ab0cd6bb3b77fea209cf7c43589a80e4cecd913fc44465edb3ff
coco_train2017_000000256755.jpg,bottle_only,train2017,256755,http://images.cocodataset.org/train2017/000000256755.jpg,http://farm8.staticflickr.com/7022/6536541189_89911ffda5_z.jpg,Attribution-NonCommercial License,http://creativecommons.org/licenses/by-nc/2.0/,4,956.10,0.0032,73449b79cb6ab61e00a3049f50c0443389d5f8edac8b5c2577bc297320ad02c8
coco_train2017_000000007961.jpg,bottle_only,train2017,7961,http://images.cocodataset.org/train2017/000000007961.jpg,http://farm9.staticflickr.com/8136/8706483853_31e166079a_z.jpg,Attribution-NonCommercial-ShareAlike License,http://creativecommons.org/licenses/by-nc-sa/2.0/,2,1115.44,0.0347,186a69b4934d9be9f985dcac1e9a956f4759341de63ee01b27df4c37d1c5fd1d
coco_train2017_000000077415.jpg,bottle_only,train2017,77415,http://images.cocodataset.org/train2017/000000077415.jpg,http://farm2.staticflickr.com/1282/4694523456_10deedd616_z.jpg,Attribution-NonCommercial License,http://creativecommons.org/licenses/by-nc/2.0/,2,1193.74,0.0000,9c7ead1f8ef37348219c69ce4b0669eb61cd41b9a70bf2a2cb0d752ca6a665b3
coco_val2017_000000145781.jpg,bottle_only,val2017,145781,http://images.cocodataset.org/val2017/000000145781.jpg,http://farm1.staticflickr.com/21/90089649_a1924cf6b4_z.jpg,Attribution-NonCommercial-ShareAlike License,http://creativecommons.org/licenses/by-nc-sa/2.0/,2,1088.84,0.0070,4730288a1a9cbbf89a0f5be4d269544f1937e28e45d588fe5375bd977d487927
coco_train2017_000000384826.jpg,bottle_only,train2017,384826,http://images.cocodataset.org/train2017/000000384826.jpg,http://farm5.staticflickr.com/4045/4535852153_c75e4bd3ec_z.jpg,Attribution-NonCommercial-ShareAlike License,http://creativecommons.org/licenses/by-nc-sa/2.0/,2,445.88,0.0425,21f3ab320e544fbbf398539721a19534a368d499ecc0b179808eddffff53b386
coco_train2017_000000414381.jpg,bottle_only,train2017,414381,http://images.cocodataset.org/train2017/000000414381.jpg,http://farm6.staticflickr.com/5050/5229120536_cfbc6188ed_z.jpg,Attribution-NonCommercial-ShareAlike License,http://creativecommons.org/licenses/by-nc-sa/2.0/,2,1027.01,0.0001,bf7ff72857890437f9d85b7fabdacaccd0bdf8240e24e05d7b1bd2248730b2d8
coco_val2017_000000293858.jpg,bottle_only,val2017,293858,http://images.cocodataset.org/val2017/000000293858.jpg,http://farm3.staticflickr.com/2421/3969350296_2a59437bc3_z.jpg,Attribution-NonCommercial License,http://creativecommons.org/licenses/by-nc/2.0/,1,1220.40,0.0011,6fd2aa9680a66eda55d5fe51bcd9f92200c9c2c5ba0bb815e3fc29f797fdb3b0
coco_train2017_000000105177.jpg,bottle_only,train2017,105177,http://images.cocodataset.org/train2017/000000105177.jpg,http://farm8.staticflickr.com/7203/6778485884_517f868cc3_z.jpg,Attribution-NonCommercial-ShareAlike License,http://creativecommons.org/licenses/by-nc-sa/2.0/,12,712.30,0.0004,dcaf6052b489c59c384782b19dc177dfffdba9e28c6ddd0b4fe7b59c2e01867c
coco_train2017_000000526342.jpg,bottle_only,train2017,526342,http://images.cocodataset.org/train2017/000000526342.jpg,http://farm6.staticflickr.com/5271/5910233414_277eb645eb_z.jpg,Attribution-ShareAlike License,http://creativecommons.org/licenses/by-sa/2.0/,14,2062.21,0.0081,6ca4742e6d235fa9eccdf0dffe03ec54d2aa128abe48037862ce5a7af6a07005
coco_train2017_000000500492.jpg,bottle_only,train2017,500492,http://images.cocodataset.org/train2017/000000500492.jpg,http://farm7.staticflickr.com/6215/6854585274_1949734656_z.jpg,Attribution License,http://creativecommons.org/licenses/by/2.0/,1,896.33,0.0009,c9435e01f6ba0c5c11d34bb8389dd5bb05bc65f7287390993a297c95040b4767
coco_train2017_000000124347.jpg,bottle_only,train2017,124347,http://images.cocodataset.org/train2017/000000124347.jpg,http://farm9.staticflickr.com/8027/7170155123_5d6e9b69d6_z.jpg,Attribution License,http://creativecommons.org/licenses/by/2.0/,3,1515.98,0.0285,f84d1b564a8cb6187aa90745d263fac71884c4c42d9e1e5742abe86218d798db
coco_train2017_000000017409.jpg,bottle_only,train2017,17409,http://images.cocodataset.org/train2017/000000017409.jpg,http://farm6.staticflickr.com/5161/5319358247_9d5728534b_z.jpg,Attribution License,http://creativecommons.org/licenses/by/2.0/,2,410.09,0.0000,9340cca6389be219a1de02cca6047d964f9af78b3aff04a4e9e43b19527c8edd
coco_train2017_000000046078.jpg,bottle_only,train2017,46078,http://images.cocodataset.org/train2017/000000046078.jpg,http://farm4.staticflickr.com/3732/9288228535_dd35292aac_z.jpg,Attribution License,http://creativecommons.org/licenses/by/2.0/,1,2461.50,0.0286,344ba9f9e3bf9ac5a9bc7b83616f2dfdc233601867e1458690d57642fbf2647d
coco_train2017_000000078359.jpg,bottle_only,train2017,78359,http://images.cocodataset.org/train2017/000000078359.jpg,http://farm8.staticflickr.com/7271/7524589494_e72be5c6c8_z.jpg,Attribution License,http://creativecommons.org/licenses/by/2.0/,1,2100.67,0.0012,bb4c841cd06578990dbeb630d61d85a3a75182323f1714adaa4bc800c2355610
coco_train2017_000000096067.jpg,bottle_only,train2017,96067,http://images.cocodataset.org/train2017/000000096067.jpg,http://farm2.staticflickr.com/1395/5137509681_2607117d73_z.jpg,Attribution-ShareAlike License,http://creativecommons.org/licenses/by-sa/2.0/,1,587.32,0.0049,a72ecef00c657c1630ce685297f5d9714a0f1f1d63d0a1c21ea8d51968590c9d
coco_train2017_000000111032.jpg,bottle_only,train2017,111032,http://images.cocodataset.org/train2017/000000111032.jpg,http://farm3.staticflickr.com/2067/2191335794_5997bd1236_z.jpg,Attribution License,http://creativecommons.org/licenses/by/2.0/,1,842.38,0.0086,76333977572dce1698527aa476de552958b880f83c24780e7ab9237756bc0fbf
coco_train2017_000000125353.jpg,bottle_only,train2017,125353,http://images.cocodataset.org/train2017/000000125353.jpg,http://farm9.staticflickr.com/8057/8178928168_fcf3bf31a0_z.jpg,Attribution-ShareAlike License,http://creativecommons.org/licenses/by-sa/2.0/,1,681.44,0.0000,ed122f04cb914cb6c9e3999a504d8fc4f096aeb78b39b6f2850524158fa2737b
coco_train2017_000000131162.jpg,bottle_only,train2017,131162,http://images.cocodataset.org/train2017/000000131162.jpg,http://farm2.staticflickr.com/1209/544719719_08562d0269_z.jpg,Attribution-NonCommercial-ShareAlike License,http://creativecommons.org/licenses/by-nc-sa/2.0/,1,3304.95,0.0070,dbafd3e6b1a637ae8d120d67e72f11819d0d459db5051d93ab8839b78dba44b2
coco_train2017_000000169480.jpg,bottle_only,train2017,169480,http://images.cocodataset.org/train2017/000000169480.jpg,http://farm6.staticflickr.com/5204/5256010458_936c9481cd_z.jpg,Attribution License,http://creativecommons.org/licenses/by/2.0/,1,1537.20,0.0118,3a289f619fb6a0c86aac1b46f44741b6e0e71810dc1f214c1e2b1cea0cda2beb
coco_train2017_000000183287.jpg,bottle_only,train2017,183287,http://images.cocodataset.org/train2017/000000183287.jpg,http://farm3.staticflickr.com/2856/9223923704_b898f8aa9f_z.jpg,Attribution-NonCommercial-ShareAlike License,http://creativecommons.org/licenses/by-nc-sa/2.0/,1,194.43,0.0023,d3718d74ec28bea1e1d1a3083cb6ee50e4b5e7aa964def8278e4ff6abab44a2d
coco_train2017_000000192236.jpg,bottle_only,train2017,192236,http://images.cocodataset.org/train2017/000000192236.jpg,http://farm3.staticflickr.com/2745/4393730490_511bcb0623_z.jpg,Attribution-NonCommercial License,http://creativecommons.org/licenses/by-nc/2.0/,1,430.97,0.0021,491df31085eea98ac17822c110b0bb9f9c7362496abf0e61b4de6a4ec3372eb6
coco_train2017_000000201436.jpg,bottle_only,train2017,201436,http://images.cocodataset.org/train2017/000000201436.jpg,http://farm3.staticflickr.com/2014/2085880298_93155281f5_z.jpg,Attribution-NonCommercial-ShareAlike License,http://creativecommons.org/licenses/by-nc-sa/2.0/,1,559.84,0.0004,2994756089fb94ff6cb663accd5bbbac6da5454925df499e7eb3d5a02af7adfc
coco_train2017_000000216601.jpg,bottle_only,train2017,216601,http://images.cocodataset.org/train2017/000000216601.jpg,http://farm6.staticflickr.com/5241/5295565143_b9b42fdff4_z.jpg,Attribution-NonCommercial License,http://creativecommons.org/licenses/by-nc/2.0/,1,1334.75,0.0012,7d1186c01cc0cd15f39b57ec1c614ad6297d04889260ee10e8ff5816a23ffd68
coco_train2017_000000288982.jpg,bottle_only,train2017,288982,http://images.cocodataset.org/train2017/000000288982.jpg,http://farm8.staticflickr.com/7148/6508391073_2e30759f52_z.jpg,Attribution License,http://creativecommons.org/licenses/by/2.0/,1,339.38,0.0004,fe97f8029b5b136e25007c4a06737662afb0183a9d36245d98034145ea1a945e
coco_train2017_000000297979.jpg,bottle_only,train2017,297979,http://images.cocodataset.org/train2017/000000297979.jpg,http://farm4.staticflickr.com/3126/2556893588_a354dd06f1_z.jpg,Attribution-NonCommercial-ShareAlike License,http://creativecommons.org/licenses/by-nc-sa/2.0/,1,959.33,0.0021,31c10a01933f3320e9ff8e1194f7be1a2f4bbd33404df98bd33bb96c82d9d53f
coco_train2017_000000337153.jpg,bottle_only,train2017,337153,http://images.cocodataset.org/train2017/000000337153.jpg,http://farm4.staticflickr.com/3143/3061044296_244a5b3d8c_z.jpg,Attribution-NonCommercial-ShareAlike License,http://creativecommons.org/licenses/by-nc-sa/2.0/,1,1329.01,0.0045,02b2e8b0068ad0e48c969787025f2cbd7963f1dcffa94d3dde8cc672b09a1585
coco_train2017_000000379596.jpg,bottle_only,train2017,379596,http://images.cocodataset.org/train2017/000000379596.jpg,http://farm4.staticflickr.com/3185/2295153731_8ea23cd3c6_z.jpg,Attribution-NonCommercial-ShareAlike License,http://creativecommons.org/licenses/by-nc-sa/2.0/,1,1007.38,0.0001,3be3d32a1684ddf43c5d3f8c3346b27d79b900577efb2723a6358b96d6f649bb
coco_train2017_000000427252.jpg,bottle_only,train2017,427252,http://images.cocodataset.org/train2017/000000427252.jpg,http://farm3.staticflickr.com/2514/3703265146_5f24090042_z.jpg,Attribution-ShareAlike License,http://creativecommons.org/licenses/by-sa/2.0/,1,1145.11,0.0007,d08e596f3fa7000b4ea903398cd357709c0f2dc17ff116279d14f9e21893fe54
coco_train2017_000000493991.jpg,bottle_only,train2017,493991,http://images.cocodataset.org/train2017/000000493991.jpg,http://farm9.staticflickr.com/8231/8395782974_1ca55128ec_z.jpg,Attribution-NonCommercial License,http://creativecommons.org/licenses/by-nc/2.0/,1,2626.77,0.0714,345bcd628207dce26c1c08eb00578320dad69bab26f28f399144fd284153cdad
coco_train2017_000000494991.jpg,bottle_only,train2017,494991,http://images.cocodataset.org/train2017/000000494991.jpg,http://farm2.staticflickr.com/1327/1439882311_15cb1be8db_z.jpg,Attribution-ShareAlike License,http://creativecommons.org/licenses/by-sa/2.0/,1,318.18,0.0023,2d3b4724def8853fb7e73e3dd1b3a607feded62918fce3b111c00f127ddc3ec1
coco_train2017_000000515837.jpg,bottle_only,train2017,515837,http://images.cocodataset.org/train2017/000000515837.jpg,http://farm4.staticflickr.com/3293/3101211708_0c6e6319ee_z.jpg,Attribution-NonCommercial License,http://creativecommons.org/licenses/by-nc/2.0/,1,954.52,0.0000,d0a391ceb01357f2cd4ac0f5c68fbb956621caa811140908942fa716d5580fbd
coco_train2017_000000518075.jpg,bottle_only,train2017,518075,http://images.cocodataset.org/train2017/000000518075.jpg,http://farm3.staticflickr.com/2173/2185262045_94f4c47465_z.jpg,Attribution-ShareAlike License,http://creativecommons.org/licenses/by-sa/2.0/,1,642.93,0.0005,8e80aa89e731736af985f10040d9c01b88ec64ab28f79a89b32b4c28658f8d81
coco_train2017_000000568446.jpg,bottle_only,train2017,568446,http://images.cocodataset.org/train2017/000000568446.jpg,http://farm7.staticflickr.com/6092/6341640847_e991159e70_z.jpg,Attribution License,http://creativecommons.org/licenses/by/2.0/,1,138.44,0.0707,def473842db00927e8c1870d31d2f198c0c48255c68ec4d398ab87bb2890ddb3
coco_train2017_000000095062.jpg,bottle_only,train2017,95062,http://images.cocodataset.org/train2017/000000095062.jpg,http://farm8.staticflickr.com/7011/6798973479_f6c007fa3b_z.jpg,Attribution License,http://creativecommons.org/licenses/by/2.0/,2,798.19,0.0137,6606396c059ba2eab1d94568a136e49cfbab649b2b65800f579df74b58eda549
coco_train2017_000000267694.jpg,bottle_only,train2017,267694,http://images.cocodataset.org/train2017/000000267694.jpg,http://farm5.staticflickr.com/4082/4782818851_0b6c894b46_z.jpg,Attribution-NonCommercial-ShareAlike License,http://creativecommons.org/licenses/by-nc-sa/2.0/,1,1394.50,0.0000,d0369856abeddf101d7c717f042f4249168b081da03d380192aea3a45cfdd40a
coco_train2017_000000347113.jpg,bottle_only,train2017,347113,http://images.cocodataset.org/train2017/000000347113.jpg,http://farm7.staticflickr.com/6107/6312560261_81309d37cb_z.jpg,Attribution License,http://creativecommons.org/licenses/by/2.0/,14,2578.71,0.0024,2976053bfe25f1284128e7feaa57866a186a1d20f19b380a847e84ddaedf180b
coco_train2017_000000485465.jpg,bottle_only,train2017,485465,http://images.cocodataset.org/train2017/000000485465.jpg,http://farm1.staticflickr.com/152/336365891_10e8d73dd3_z.jpg,Attribution-NonCommercial License,http://creativecommons.org/licenses/by-nc/2.0/,1,502.46,0.0000,344d6aa0febb533149442fe4627e0cf5c88abc24b9b410dc0f694357b5a2d29c
coco_train2017_000000238795.jpg,bottle_only,train2017,238795,http://images.cocodataset.org/train2017/000000238795.jpg,http://farm6.staticflickr.com/5092/5529192198_164364b6fa_z.jpg,Attribution-NonCommercial-ShareAlike License,http://creativecommons.org/licenses/by-nc-sa/2.0/,1,2931.28,0.0107,ba3416a8b2d15a01df4c196a4ab7c5b6052530cfdd799dbc0f0a636766d694a6
coco_train2017_000000307995.jpg,bottle_only,train2017,307995,http://images.cocodataset.org/train2017/000000307995.jpg,http://farm9.staticflickr.com/8539/8640225449_73c750f686_z.jpg,Attribution-NonCommercial-ShareAlike License,http://creativecommons.org/licenses/by-nc-sa/2.0/,1,485.52,0.0000,8008d0894bf462e3816c8612035bfac181a3823f4f24e96503f7a1ec75ea7de2
coco_train2017_000000054517.jpg,bottle_only,train2017,54517,http://images.cocodataset.org/train2017/000000054517.jpg,http://farm5.staticflickr.com/4143/4908745466_bf1d15f1aa_z.jpg,Attribution-NonCommercial-ShareAlike License,http://creativecommons.org/licenses/by-nc-sa/2.0/,2,809.20,0.0032,48ead39921ef2d8d393027f6f68339835b77805f1ebec717d40e2b1ad172aa20
coco_train2017_000000172507.jpg,bottle_only,train2017,172507,http://images.cocodataset.org/train2017/000000172507.jpg,http://farm5.staticflickr.com/4067/4705678420_c2da4887af_z.jpg,Attribution-NonCommercial License,http://creativecommons.org/licenses/by-nc/2.0/,1,577.48,0.0034,4f154c1453e201b19d5fbb838c11b1677947cccdcbdc9edd86353dae7ca93754
coco_train2017_000000417143.jpg,bottle_only,train2017,417143,http://images.cocodataset.org/train2017/000000417143.jpg,http://farm7.staticflickr.com/6235/6323381712_94538ba90f_z.jpg,Attribution License,http://creativecommons.org/licenses/by/2.0/,14,744.04,0.0079,956a72cdc2eb9df7d456b830cac60610c4d5fe17c492684aa1e53f7946f57e9b
coco_train2017_000000538422.jpg,bottle_only,train2017,538422,http://images.cocodataset.org/train2017/000000538422.jpg,http://farm8.staticflickr.com/7277/7642059598_fb6c423a97_z.jpg,Attribution-NonCommercial-ShareAlike License,http://creativecommons.org/licenses/by-nc-sa/2.0/,14,1291.36,0.0045,aba1381a9e8ac06110defd03be6e3605c515c466c0d7ee80ddbfd9daf7bba869
coco_train2017_000000309294.jpg,bottle_only,train2017,309294,http://images.cocodataset.org/train2017/000000309294.jpg,http://farm7.staticflickr.com/6184/6079307126_6b783ae9ed_z.jpg,Attribution-ShareAlike License,http://creativecommons.org/licenses/by-sa/2.0/,1,993.48,0.0034,a5086ae3869d74ea7bfb328988d0ef0c35b2d311b960828b1d47e406bd74542d
coco_train2017_000000311690.jpg,bottle_only,train2017,311690,http://images.cocodataset.org/train2017/000000311690.jpg,http://farm3.staticflickr.com/2455/3936187412_9dcc9c790b_z.jpg,Attribution-NonCommercial-ShareAlike License,http://creativecommons.org/licenses/by-nc-sa/2.0/,1,864.11,0.0012,7444e0786ea679f32b2da4bfec0d1a47de23bc954b0d7b2719d22cf1b957a360
coco_train2017_000000058937.jpg,bottle_only,train2017,58937,http://images.cocodataset.org/train2017/000000058937.jpg,http://farm5.staticflickr.com/4035/4571824510_5a589d6497_z.jpg,Attribution-NonCommercial License,http://creativecommons.org/licenses/by-nc/2.0/,4,876.94,0.0000,04f0096c670f247afda41939e5622a8c0b16ae5b5a8ccb46003f5a1903a590d4
coco_train2017_000000312412.jpg,bottle_only,train2017,312412,http://images.cocodataset.org/train2017/000000312412.jpg,http://farm5.staticflickr.com/4001/4536506176_4957b2349c_z.jpg,Attribution-NonCommercial-ShareAlike License,http://creativecommons.org/licenses/by-nc-sa/2.0/,9,1511.23,0.0107,39ed3a5df45069eeb21f763e8055f9747f3ffbe8f08dfa5ec72d8b3689dc1ade
coco_train2017_000000371822.jpg,bottle_only,train2017,371822,http://images.cocodataset.org/train2017/000000371822.jpg,http://farm5.staticflickr.com/4035/4610453173_aa522b6cfe_z.jpg,Attribution License,http://creativecommons.org/licenses/by/2.0/,15,588.18,0.0000,b4ecce01a69274619d49796b11c5730931440b4420a0883ef13b24b290c135ba
coco_train2017_000000086282.jpg,bottle_only,train2017,86282,http://images.cocodataset.org/train2017/000000086282.jpg,http://farm6.staticflickr.com/5086/5349666143_871d556f21_z.jpg,Attribution License,http://creativecommons.org/licenses/by/2.0/,3,2539.43,0.0030,675a51aa03513264365d5533768788d033c39637a21480cee0e063b720231a6b
coco_val2017_000000194724.jpg,bottle_only,val2017,194724,http://images.cocodataset.org/val2017/000000194724.jpg,http://farm7.staticflickr.com/6155/6165978029_81ac06fbe3_z.jpg,Attribution License,http://creativecommons.org/licenses/by/2.0/,8,1964.73,0.0097,ef3c018f96fdab2b7bfb28ffd8b952535c8c1084d2a39eb5133c14e585c137c4
coco_train2017_000000523526.jpg,bottle_only,train2017,523526,http://images.cocodataset.org/train2017/000000523526.jpg,http://farm1.staticflickr.com/152/360054913_6d6e2e1d7d_z.jpg,Attribution-NonCommercial-ShareAlike License,http://creativecommons.org/licenses/by-nc-sa/2.0/,2,827.61,0.0000,dd846e15e2bfe2f6b66269fbe67cafd8dc48342fcce7cda3392f522c370af64f
coco_train2017_000000342259.jpg,bottle_only,train2017,342259,http://images.cocodataset.org/train2017/000000342259.jpg,http://farm6.staticflickr.com/5102/5675838791_30962645e5_z.jpg,Attribution-ShareAlike License,http://creativecommons.org/licenses/by-sa/2.0/,1,552.45,0.0000,ba905ba7aa78f1d3eb908ac22b1a642af81f5277e9e555f7bba60d3fb148937f
coco_train2017_000000474373.jpg,bottle_only,train2017,474373,http://images.cocodataset.org/train2017/000000474373.jpg,http://farm4.staticflickr.com/3209/2672263274_0185d26fda_z.jpg,Attribution-ShareAlike License,http://creativecommons.org/licenses/by-sa/2.0/,9,1071.36,0.0057,52c3911e7cb9f1ba6cd09862b4da2e04011beab9fd5348f9982f2c5228d0d6e4
coco_train2017_000000185623.jpg,bottle_only,train2017,185623,http://images.cocodataset.org/train2017/000000185623.jpg,http://farm1.staticflickr.com/14/175483935_f5d3c00d3d_z.jpg,Attribution-NonCommercial-ShareAlike License,http://creativecommons.org/licenses/by-nc-sa/2.0/,1,660.37,0.0000,e924f1e6243c5ab854e12371efba2773532de0beefa4731c1902bb65503bd3bb
coco_train2017_000000336452.jpg,bottle_only,train2017,336452,http://images.cocodataset.org/train2017/000000336452.jpg,http://farm9.staticflickr.com/8495/8315107897_a7a924981b_z.jpg,Attribution-NonCommercial License,http://creativecommons.org/licenses/by-nc/2.0/,1,803.49,0.0000,e70614142fb4cbc4b5935603718db377d1dead875532b24ad318ff088bff0309
coco_train2017_000000416315.jpg,bottle_only,train2017,416315,http://images.cocodataset.org/train2017/000000416315.jpg,http://farm7.staticflickr.com/6135/6008743401_e21ef61019_z.jpg,Attribution-NonCommercial-ShareAlike License,http://creativecommons.org/licenses/by-nc-sa/2.0/,1,769.63,0.0002,026137607f79e669eed42ff792063784884f088f755a536f50e00242f8441602
coco_train2017_000000011742.jpg,bottle_only,train2017,11742,http://images.cocodataset.org/train2017/000000011742.jpg,http://farm8.staticflickr.com/7101/7236071208_b78510867a_z.jpg,Attribution-NonCommercial-ShareAlike License,http://creativecommons.org/licenses/by-nc-sa/2.0/,1,404.71,0.0000,ab4aa21590cbb7859c16f3dc6171a83c1915429791e79f99072edc17c4a91e03
coco_train2017_000000510923.jpg,bottle_only,train2017,510923,http://images.cocodataset.org/train2017/000000510923.jpg,http://farm3.staticflickr.com/2485/3722007220_757e82dd3a_z.jpg,Attribution-ShareAlike License,http://creativecommons.org/licenses/by-sa/2.0/,1,2007.13,0.0293,abe2890a4e21d27393c8470df33beb81417be6cac0dafeff504aff5e811c4999
coco_train2017_000000136539.jpg,bottle_only,train2017,136539,http://images.cocodataset.org/train2017/000000136539.jpg,http://farm9.staticflickr.com/8162/7559567112_d576b0abd8_z.jpg,Attribution-NonCommercial-ShareAlike License,http://creativecommons.org/licenses/by-nc-sa/2.0/,14,1160.06,0.0020,e573966f5de75a460c92d6fd4c5d6246c34cbdfd6fcbe62e673bec42fb88b486
coco_train2017_000000546218.jpg,bottle_only,train2017,546218,http://images.cocodataset.org/train2017/000000546218.jpg,http://farm3.staticflickr.com/2740/4341835530_35679bf4b2_z.jpg,Attribution-NonCommercial License,http://creativecommons.org/licenses/by-nc/2.0/,8,868.92,0.0000,582df454b4342731bd9188a0eb693f0c400bbce09c7d5793b6be15f00a729f4a
coco_train2017_000000257955.jpg,bottle_only,train2017,257955,http://images.cocodataset.org/train2017/000000257955.jpg,http://farm6.staticflickr.com/5333/9539239420_e9d3594136_z.jpg,Attribution-NonCommercial-ShareAlike License,http://creativecommons.org/licenses/by-nc-sa/2.0/,1,1154.73,0.0005,f68adc8d1325e4b5632c566e0984ebe99b4361f1332cb5fb924fb18c6f7690bd
coco_train2017_000000166043.jpg,bottle_only,train2017,166043,http://images.cocodataset.org/train2017/000000166043.jpg,http://farm2.staticflickr.com/1365/825102759_d52c489cb8_z.jpg,Attribution-ShareAlike License,http://creativecommons.org/licenses/by-sa/2.0/,1,1673.09,0.0674,61993d884402cf027e6b541d14ef7e5557031aaba42ad67a578415eed86bac28
coco_train2017_000000054363.jpg,bottle_only,train2017,54363,http://images.cocodataset.org/train2017/000000054363.jpg,http://farm3.staticflickr.com/2829/9131624568_4dded1790a_z.jpg,Attribution-NonCommercial-ShareAlike License,http://creativecommons.org/licenses/by-nc-sa/2.0/,1,1495.94,0.0141,884dcc98f616b9b62b654a8014821c18b83953a2d0a391d18a51e193accc1e03
coco_train2017_000000061133.jpg,bottle_only,train2017,61133,http://images.cocodataset.org/train2017/000000061133.jpg,http://farm9.staticflickr.com/8146/7398278136_8cf21a553d_z.jpg,Attribution-NonCommercial License,http://creativecommons.org/licenses/by-nc/2.0/,1,423.08,0.0005,dede194f69106541ee0c839bd9ad3f68706332b535df92518da3dae5e55e34fb
coco_train2017_000000442026.jpg,bottle_only,train2017,442026,http://images.cocodataset.org/train2017/000000442026.jpg,http://farm9.staticflickr.com/8084/8340104879_489964e139_z.jpg,Attribution-NonCommercial-ShareAlike License,http://creativecommons.org/licenses/by-nc-sa/2.0/,1,1301.57,0.0000,87977a20214028ab0b8e1a01411db19a35ff33ad24ce3ce68fdfad70ad5f665e
coco_train2017_000000147060.jpg,bottle_only,train2017,147060,http://images.cocodataset.org/train2017/000000147060.jpg,http://farm4.staticflickr.com/3128/3174210643_5629e13cc8_z.jpg,Attribution License,http://creativecommons.org/licenses/by/2.0/,5,718.65,0.0001,763b0b26acc08c19a359c3642be6e9c09a4f09d82892b8bdd5073bd299d306ed
coco_train2017_000000179699.jpg,bottle_only,train2017,179699,http://images.cocodataset.org/train2017/000000179699.jpg,http://farm8.staticflickr.com/7296/9117541139_ef7ae2b5f2_z.jpg,Attribution-NonCommercial License,http://creativecommons.org/licenses/by-nc/2.0/,2,779.14,0.0332,8c00130603d04dc25c529da763aee0374afe986575c9f48df7629c4c413dbe75
coco_train2017_000000083836.jpg,bottle_only,train2017,83836,http://images.cocodataset.org/train2017/000000083836.jpg,http://farm1.staticflickr.com/26/98617865_21ecbd9ee8_z.jpg,Attribution-NonCommercial-ShareAlike License,http://creativecommons.org/licenses/by-nc-sa/2.0/,14,2124.54,0.0048,bb6b6dcdebfb9e71fc29bf706a3dfffff6805fab0546274df05fb5c107abb891
coco_train2017_000000000909.jpg,bottle_only,train2017,909,http://images.cocodataset.org/train2017/000000000909.jpg,http://farm1.staticflickr.com/80/260341952_1ce1f18023_z.jpg,Attribution-NonCommercial-ShareAlike License,http://creativecommons.org/licenses/by-nc-sa/2.0/,1,2993.46,0.0071,6f69228b4ad8744707f7fd3dbeccb951f2ea5c394ff01f2a9ba1d06cc71c5787
coco_val2017_000000064084.jpg,bottle_only,val2017,64084,http://images.cocodataset.org/val2017/000000064084.jpg,http://farm9.staticflickr.com/8482/8219102302_a64732337b_z.jpg,Attribution License,http://creativecommons.org/licenses/by/2.0/,3,683.50,0.0012,8cfec390ac738c1ea0aeb0ea79297178255022a0f6cbbe32bfa2402eadbaee2b
coco_train2017_000000160181.jpg,bottle_only,train2017,160181,http://images.cocodataset.org/train2017/000000160181.jpg,http://farm5.staticflickr.com/4142/4913087902_fd2270e56e_z.jpg,Attribution-NonCommercial-ShareAlike License,http://creativecommons.org/licenses/by-nc-sa/2.0/,14,1006.38,0.0010,2a2b0f017d75eb3525ccfed45fb4fc678104f7505f0a2245cbbcfaf13383e9c3
coco_train2017_000000199133.jpg,bottle_only,train2017,199133,http://images.cocodataset.org/train2017/000000199133.jpg,http://farm8.staticflickr.com/7252/8154539857_078a67251f_z.jpg,Attribution-NonCommercial License,http://creativecommons.org/licenses/by-nc/2.0/,2,926.30,0.0000,f1b4bc1c87c610dfa30d1e848cd7016df5de58bb297a10f60889ee706e260d62
coco_train2017_000000516412.jpg,bottle_only,train2017,516412,http://images.cocodataset.org/train2017/000000516412.jpg,http://farm1.staticflickr.com/15/22288704_7a3e3b6bab_z.jpg,Attribution-NonCommercial License,http://creativecommons.org/licenses/by-nc/2.0/,2,1889.35,0.0170,8e81aacf459706c4f7cbfa1ddf6ffa02296f18db629356d7eed314100d968b8e
coco_train2017_000000372709.jpg,bottle_only,train2017,372709,http://images.cocodataset.org/train2017/000000372709.jpg,http://farm7.staticflickr.com/6087/6040304727_c4f287d106_z.jpg,Attribution-NonCommercial-ShareAlike License,http://creativecommons.org/licenses/by-nc-sa/2.0/,1,446.51,0.0151,b94915d01bf057aee9cb688dea6ad9ad03fbf8389600f88fc379e6233260666a
coco_train2017_000000527970.jpg,bottle_only,train2017,527970,http://images.cocodataset.org/train2017/000000527970.jpg,http://farm1.staticflickr.com/82/274657051_1aa532ae61_z.jpg,Attribution-ShareAlike License,http://creativecommons.org/licenses/by-sa/2.0/,1,466.39,0.0000,86382f60eaada80119b81b2f9ac66da031c7fef76c34bf0ee6335a19ef5979a7
coco_train2017_000000141163.jpg,bottle_only,train2017,141163,http://images.cocodataset.org/train2017/000000141163.jpg,http://farm9.staticflickr.com/8123/8650407458_1cb138ec30_z.jpg,Attribution License,http://creativecommons.org/licenses/by/2.0/,1,2075.85,0.0015,615157ade2a214dd471648c30ff2c31342af4c3e89f67c88b5073e29c09d1bbe
coco_train2017_000000318638.jpg,bottle_only,train2017,318638,http://images.cocodataset.org/train2017/000000318638.jpg,http://farm5.staticflickr.com/4139/4895099784_a0761a7f70_z.jpg,Attribution-ShareAlike License,http://creativecommons.org/licenses/by-sa/2.0/,2,2353.51,0.0000,810fdc17ef23399e35b8b62097bb15480f26af71263d7156f93ed4ee4db6bc7b
coco_train2017_000000471039.jpg,bottle_only,train2017,471039,http://images.cocodataset.org/train2017/000000471039.jpg,http://farm8.staticflickr.com/7245/7389857552_28aa26bd95_z.jpg,Attribution-NonCommercial License,http://creativecommons.org/licenses/by-nc/2.0/,1,1498.91,0.0000,5787b9a150a7aeef7b6cc8df212860495219849b652489a7619f662599614aca
coco_train2017_000000104395.jpg,bottle_only,train2017,104395,http://images.cocodataset.org/train2017/000000104395.jpg,http://farm9.staticflickr.com/8113/8694890063_a984bf1d5f_z.jpg,Attribution License,http://creativecommons.org/licenses/by/2.0/,1,310.32,0.0010,4d3d10232fba2218101422e911ae24a461b2fafa484681299dd16ab326596189
coco_train2017_000000048037.jpg,bottle_only,train2017,48037,http://images.cocodataset.org/train2017/000000048037.jpg,http://farm6.staticflickr.com/5463/9112816683_a93211fb70_z.jpg,Attribution-NonCommercial-ShareAlike License,http://creativecommons.org/licenses/by-nc-sa/2.0/,14,793.06,0.0070,31965baa0284c0528852279066ac31469470dd46f77a474b7015037c86d76efc
coco_train2017_000000254670.jpg,bottle_only,train2017,254670,http://images.cocodataset.org/train2017/000000254670.jpg,http://farm3.staticflickr.com/2639/3688158961_e823a00736_z.jpg,Attribution-NonCommercial-ShareAlike License,http://creativecommons.org/licenses/by-nc-sa/2.0/,1,425.04,0.0033,8f5e3841f12fba6a9b39e5a598ff0be7f7728ff341291357840e69f26866767b
coco_train2017_000000257713.jpg,bottle_only,train2017,257713,http://images.cocodataset.org/train2017/000000257713.jpg,http://farm4.staticflickr.com/3152/3076275274_4370fd386d_z.jpg,Attribution-NonCommercial-ShareAlike License,http://creativecommons.org/licenses/by-nc-sa/2.0/,1,989.63,0.0195,98b77f618563319420688be6ae20f3ff5826e03b753202508c2ac809d1e13150
coco_train2017_000000556462.jpg,bottle_only,train2017,556462,http://images.cocodataset.org/train2017/000000556462.jpg,http://farm5.staticflickr.com/4052/5158839084_a6e1e1897d_z.jpg,Attribution License,http://creativecommons.org/licenses/by/2.0/,2,792.06,0.0005,22ac0f9d4aefda06f414ead6e4471a1fd434ef77bf9f10cdd08a643827796ffd
coco_train2017_000000260713.jpg,bottle_only,train2017,260713,http://images.cocodataset.org/train2017/000000260713.jpg,http://farm4.staticflickr.com/3197/2309354178_7fdecfe898_z.jpg,Attribution-NonCommercial-ShareAlike License,http://creativecommons.org/licenses/by-nc-sa/2.0/,1,502.41,0.0000,3b002290e926ae89931d01319f7636f14bcc45b3a7a88b2080e59ec8c1772982
coco_train2017_000000054806.jpg,bottle_only,train2017,54806,http://images.cocodataset.org/train2017/000000054806.jpg,http://farm8.staticflickr.com/7384/9372552993_746e447183_z.jpg,Attribution-NonCommercial-ShareAlike License,http://creativecommons.org/licenses/by-nc-sa/2.0/,14,1185.99,0.0378,66ed9e17e50582ce92f46cda1cc88f014c6580e8a10bf3b9083911dac67abb07
coco_train2017_000000531875.jpg,bottle_only,train2017,531875,http://images.cocodataset.org/train2017/000000531875.jpg,http://farm5.staticflickr.com/4015/4664070523_89a4f855df_z.jpg,Attribution-NonCommercial License,http://creativecommons.org/licenses/by-nc/2.0/,1,109.23,0.0021,cd179b0394998ee82b7a9838408ff63955e89161383efaeb12f477bd0ca4aacd
coco_train2017_000000275211.jpg,bottle_only,train2017,275211,http://images.cocodataset.org/train2017/000000275211.jpg,http://farm4.staticflickr.com/3580/3383079123_a4aa93ee5d_z.jpg,Attribution License,http://creativecommons.org/licenses/by/2.0/,14,2290.17,0.0027,8d293d2aab0968b1b5bab49f119aeda4e8c1b5fcf72aec8cf2fec7ad07f6fdd8
coco_train2017_000000496617.jpg,bottle_only,train2017,496617,http://images.cocodataset.org/train2017/000000496617.jpg,http://farm6.staticflickr.com/5149/5677096253_63fbcda056_z.jpg,Attribution-NonCommercial-ShareAlike License,http://creativecommons.org/licenses/by-nc-sa/2.0/,12,1557.40,0.0001,e8cb7362f30518c602dbb4410eecab1263bb1f7ba91a8106fcda9c9b80856004
coco_train2017_000000470821.jpg,bottle_only,train2017,470821,http://images.cocodataset.org/train2017/000000470821.jpg,http://farm9.staticflickr.com/8370/8482224810_f8e97888d8_z.jpg,Attribution License,http://creativecommons.org/licenses/by/2.0/,2,1818.28,0.0075,654297222dbf363e28a837d724bce66b85b17f2d1c51fa75be2296411e3c064d
coco_train2017_000000193673.jpg,bottle_only,train2017,193673,http://images.cocodataset.org/train2017/000000193673.jpg,http://farm4.staticflickr.com/3291/3007251299_6a56808653_z.jpg,Attribution-NonCommercial License,http://creativecommons.org/licenses/by-nc/2.0/,14,1664.08,0.0052,c45b57b3dff826b7d15fced802414b362301d793ecbc5bd259a88aedbb491843
coco_train2017_000000493307.jpg,bottle_only,train2017,493307,http://images.cocodataset.org/train2017/000000493307.jpg,http://farm7.staticflickr.com/6003/5941332642_7e53033164_z.jpg,Attribution-NonCommercial-ShareAlike License,http://creativecommons.org/licenses/by-nc-sa/2.0/,13,1648.55,0.0000,cad6ef576951b44a6f4f9f1db241479d1c45cbdd7f06456c0f1542604950e194
coco_train2017_000000310572.jpg,bottle_only,train2017,310572,http://images.cocodataset.org/train2017/000000310572.jpg,http://farm9.staticflickr.com/8392/8647515372_a2fc03ff5a_z.jpg,Attribution-ShareAlike License,http://creativecommons.org/licenses/by-sa/2.0/,1,863.42,0.0000,59f55ac090afac47dd4711079a47afbe4b7a3bd4c546b7473736cdc1820b28bf
coco_train2017_000000054541.jpg,bottle_only,train2017,54541,http://images.cocodataset.org/train2017/000000054541.jpg,http://farm1.staticflickr.com/120/312645399_5f544230a2_z.jpg,Attribution-NonCommercial License,http://creativecommons.org/licenses/by-nc/2.0/,3,651.68,0.0000,bf9c452c62f3a8f4c013557a75e6fdc1d844d6108edc09118466d259508110dc
coco_train2017_000000021079.jpg,bottle_only,train2017,21079,http://images.cocodataset.org/train2017/000000021079.jpg,http://farm8.staticflickr.com/7320/9259475281_9b0b529beb_z.jpg,Attribution-ShareAlike License,http://creativecommons.org/licenses/by-sa/2.0/,12,2216.46,0.0084,9f9b2b7c60aa065743dceb8c2accd3bbd89a0eb86c918b21a05414f2867cec1f
coco_train2017_000000469427.jpg,bottle_only,train2017,469427,http://images.cocodataset.org/train2017/000000469427.jpg,http://farm8.staticflickr.com/7356/9614108995_2b0e424a16_z.jpg,Attribution License,http://creativecommons.org/licenses/by/2.0/,2,2491.16,0.0016,6d77403a326d7f6e0256111221dd5e544635e9e1b96c065a9fd3839130a0e748
coco_train2017_000000322517.jpg,bottle_only,train2017,322517,http://images.cocodataset.org/train2017/000000322517.jpg,http://farm6.staticflickr.com/5451/10043405903_ab042683ca_z.jpg,Attribution-NonCommercial-ShareAlike License,http://creativecommons.org/licenses/by-nc-sa/2.0/,3,2175.66,0.0126,51edc5ffc1e33e6debc20dc0c44201fafc2d8cb2a2a0a0d7a6a1ad410ff0d8ae
coco_train2017_000000410331.jpg,bottle_only,train2017,410331,http://images.cocodataset.org/train2017/000000410331.jpg,http://farm5.staticflickr.com/4097/4879708623_8f831a4991_z.jpg,Attribution-NonCommercial License,http://creativecommons.org/licenses/by-nc/2.0/,5,3899.01,0.0618,c2901db8d8c9fb39710f3e60a3ad9363715132bc04d86699d23a43b63a139dd0
coco_train2017_000000058462.jpg,bottle_only,train2017,58462,http://images.cocodataset.org/train2017/000000058462.jpg,http://farm5.staticflickr.com/4079/4768836134_777e40338a_z.jpg,Attribution License,http://creativecommons.org/licenses/by/2.0/,14,703.38,0.0001,99a903f3c7bc92c36c33e052873fc1a533de864021a4ef5b6f5558373fa208ea
coco_train2017_000000561589.jpg,bottle_only,train2017,561589,http://images.cocodataset.org/train2017/000000561589.jpg,http://farm7.staticflickr.com/6019/6252483098_c91f2a1a0e_z.jpg,Attribution-NonCommercial License,http://creativecommons.org/licenses/by-nc/2.0/,2,1339.14,0.0029,85eef6d94de727b61b6b2ae1e9b922a14f53ddee16a9a7bd8db98d0de418e905
coco_train2017_000000413046.jpg,bottle_only,train2017,413046,http://images.cocodataset.org/train2017/000000413046.jpg,http://farm5.staticflickr.com/4044/4320734523_b53e374f7f_z.jpg,Attribution-NonCommercial License,http://creativecommons.org/licenses/by-nc/2.0/,4,1057.59,0.0011,15afd88966e5d420196aea19bc38282942485a005afc416c2a34b632d9660c3c
coco_train2017_000000535721.jpg,bottle_only,train2017,535721,http://images.cocodataset.org/train2017/000000535721.jpg,http://farm8.staticflickr.com/7157/6567677807_71faa4cc1d_z.jpg,Attribution License,http://creativecommons.org/licenses/by/2.0/,1,393.70,0.0000,ef03aa31b480207c15aeae77dafb9afb0f5c21335cb820cc24d03bd0a4aab7df
coco_train2017_000000183967.jpg,bottle_only,train2017,183967,http://images.cocodataset.org/train2017/000000183967.jpg,http://farm6.staticflickr.com/5221/5798717278_8cce03297b_z.jpg,Attribution-NonCommercial-ShareAlike License,http://creativecommons.org/licenses/by-nc-sa/2.0/,2,444.23,0.0016,ca655341b4a8574150bc842d72e0d0938b2daebe121e38caf6a3afe8840b4090
coco_train2017_000000533589.jpg,bottle_only,train2017,533589,http://images.cocodataset.org/train2017/000000533589.jpg,http://farm5.staticflickr.com/4009/4580679120_65ba3d4447_z.jpg,Attribution-NonCommercial-ShareAlike License,http://creativecommons.org/licenses/by-nc-sa/2.0/,14,1145.38,0.0000,9a7a774cbee53a48104f3bd179b445f11a733888b2d28944b90762f0697a7859
coco_train2017_000000315631.jpg,bottle_only,train2017,315631,http://images.cocodataset.org/train2017/000000315631.jpg,http://farm3.staticflickr.com/2737/4502260691_c1e1781820_z.jpg,Attribution License,http://creativecommons.org/licenses/by/2.0/,14,1097.49,0.0000,f7b844660509152ed34d7625719c3d7a29dc92f562e06006bcc1b0d051a5ba34
coco_train2017_000000309386.jpg,bottle_only,train2017,309386,http://images.cocodataset.org/train2017/000000309386.jpg,http://farm9.staticflickr.com/8210/8247849517_c394c06c47_z.jpg,Attribution-NonCommercial-ShareAlike License,http://creativecommons.org/licenses/by-nc-sa/2.0/,4,1844.66,0.0239,d959e595126a61a7a9702ab4448f95b02a5fddb8f613403cef1b14eb60506781
coco_train2017_000000208132.jpg,bottle_only,train2017,208132,http://images.cocodataset.org/train2017/000000208132.jpg,http://farm3.staticflickr.com/2514/3910911169_99a0aefff7_z.jpg,Attribution-ShareAlike License,http://creativecommons.org/licenses/by-sa/2.0/,1,2195.78,0.0457,60290031b2ebb11e6edd4ae3027e17bea60dd4342201860c17a328b8bf4d3b82
coco_train2017_000000273855.jpg,bottle_only,train2017,273855,http://images.cocodataset.org/train2017/000000273855.jpg,http://farm8.staticflickr.com/7322/9429289860_eeb91f5116_z.jpg,Attribution License,http://creativecommons.org/licenses/by/2.0/,4,788.58,0.0234,ea57d6f419cfeb7dfaf53d7636516aefe872a5a261cf23e5ee383798a775944e
coco_train2017_000000540270.jpg,bottle_only,train2017,540270,http://images.cocodataset.org/train2017/000000540270.jpg,http://farm9.staticflickr.com/8069/8200658090_2bc63fb212_z.jpg,Attribution-NonCommercial-ShareAlike License,http://creativecommons.org/licenses/by-nc-sa/2.0/,1,2351.47,0.0000,74434da11f0ec835ed19a5b6bdf3045fcfa26bff14105a9916b009d523fd2ef1
coco_train2017_000000080590.jpg,bottle_only,train2017,80590,http://images.cocodataset.org/train2017/000000080590.jpg,http://farm5.staticflickr.com/4061/4413290094_6c53f1f97a_z.jpg,Attribution-NonCommercial License,http://creativecommons.org/licenses/by-nc/2.0/,4,1732.44,0.0029,ac7b92aacaab626b272c521f272851d511f42dd73c2ef04472e73d1d02f88a71
coco_train2017_000000103504.jpg,bottle_only,train2017,103504,http://images.cocodataset.org/train2017/000000103504.jpg,http://farm6.staticflickr.com/5219/5383930919_073c5a1d4c_z.jpg,Attribution-ShareAlike License,http://creativecommons.org/licenses/by-sa/2.0/,14,1926.68,0.0292,cb091c4bcac0bcd7361f31c759626c9b103bf9163e08b831de6230609fed59c6
coco_val2017_000000300039.jpg,bottle_only,val2017,300039,http://images.cocodataset.org/val2017/000000300039.jpg,http://farm3.staticflickr.com/2093/2187275722_e3747de55c_z.jpg,Attribution-NonCommercial-ShareAlike License,http://creativecommons.org/licenses/by-nc-sa/2.0/,2,775.12,0.0201,c36003fc88ffeba4ccb7b1ce5ed6995389f019855ca106d5e63c7c608071128d
coco_train2017_000000034785.jpg,bottle_only,train2017,34785,http://images.cocodataset.org/train2017/000000034785.jpg,http://farm9.staticflickr.com/8217/8393459117_f2d743d558_z.jpg,Attribution-ShareAlike License,http://creativecommons.org/licenses/by-sa/2.0/,2,1136.34,0.0000,1998f0dbf194f739c7d9cdfaabd37a4d1add2a4f252c01a8240a8b3c430b851d
coco_train2017_000000423355.jpg,bottle_only,train2017,423355,http://images.cocodataset.org/train2017/000000423355.jpg,http://farm1.staticflickr.com/37/84008664_4e3dfc8ca1_z.jpg,Attribution License,http://creativecommons.org/licenses/by/2.0/,14,1428.73,0.0000,88c58e6bc5ea42827047126e43c98ed5a610ebe185a6335b37348e2ae1f5b4fe
coco_train2017_000000338581.jpg,bottle_only,train2017,338581,http://images.cocodataset.org/train2017/000000338581.jpg,http://farm7.staticflickr.com/6053/6316935643_366014f213_z.jpg,Attribution-NonCommercial-ShareAlike License,http://creativecommons.org/licenses/by-nc-sa/2.0/,11,1503.38,0.0021,7d6d9e11a62877d0dafc9fe7f758bd3cfd5a6343665514ceda2456deb464a063
coco_train2017_000000280254.jpg,bottle_only,train2017,280254,http://images.cocodataset.org/train2017/000000280254.jpg,http://farm4.staticflickr.com/3144/2589379553_baa13bf14d_z.jpg,Attribution-ShareAlike License,http://creativecommons.org/licenses/by-sa/2.0/,8,282.47,0.0011,0e47bde728c4b1fc4a7e944707f535e45a834d4f00b6c29504742a013bec474e
coco_train2017_000000463320.jpg,bottle_only,train2017,463320,http://images.cocodataset.org/train2017/000000463320.jpg,http://farm3.staticflickr.com/2171/2761888391_f447d28e9c_z.jpg,Attribution-ShareAlike License,http://creativecommons.org/licenses/by-sa/2.0/,1,899.72,0.0003,1b7c498446f0b89a7f600a06118d609ea8de74ba7ef0154f8560fa4ba2a2c969
coco_train2017_000000222674.jpg,bottle_only,train2017,222674,http://images.cocodataset.org/train2017/000000222674.jpg,http://farm6.staticflickr.com/5505/10010815684_26d9061eba_z.jpg,Attribution-NonCommercial-ShareAlike License,http://creativecommons.org/licenses/by-nc-sa/2.0/,1,1361.56,0.0056,4a8e1e508b7cc0fd189f993b8afa354327e286367cb03378f4047ed9592f3a50
coco_train2017_000000275672.jpg,bottle_only,train2017,275672,http://images.cocodataset.org/train2017/000000275672.jpg,http://farm7.staticflickr.com/6136/6020239094_115857d43e_z.jpg,Attribution-NonCommercial-ShareAlike License,http://creativecommons.org/licenses/by-nc-sa/2.0/,1,953.50,0.0000,b69895060a648454721a9fb4cdd7ce20dbb7d07a1e64ac9f31b79c57dd84f750
coco_train2017_000000135748.jpg,bottle_only,train2017,135748,http://images.cocodataset.org/train2017/000000135748.jpg,http://farm3.staticflickr.com/2526/3880197794_ccf89c4f4a_z.jpg,Attribution-ShareAlike License,http://creativecommons.org/licenses/by-sa/2.0/,1,450.26,0.0000,01bc867b9cd478201d6bbef0ec61a93895e2bffb33e6b549cbf3a9af1cd3c62d
coco_train2017_000000234091.jpg,bottle_only,train2017,234091,http://images.cocodataset.org/train2017/000000234091.jpg,http://farm9.staticflickr.com/8070/8173710154_eedd9ed72f_z.jpg,Attribution-NonCommercial-ShareAlike License,http://creativecommons.org/licenses/by-nc-sa/2.0/,1,3259.54,0.0132,b386f2f6de68e44be29d9e2b4bfecb25f822a12b8af2ca51145b75dd4b95c5e3
coco_train2017_000000260135.jpg,bottle_only,train2017,260135,http://images.cocodataset.org/train2017/000000260135.jpg,http://farm1.staticflickr.com/7/8662848_80038eed73_z.jpg,Attribution License,http://creativecommons.org/licenses/by/2.0/,1,1736.29,0.0038,3efe2adb44435d1d730f9a8e1eb191cc61c5d69c4c733c8c682db0421a7adde5
coco_train2017_000000314370.jpg,bottle_only,train2017,314370,http://images.cocodataset.org/train2017/000000314370.jpg,http://farm9.staticflickr.com/8218/8360971161_0fd033f970_z.jpg,Attribution-NonCommercial-ShareAlike License,http://creativecommons.org/licenses/by-nc-sa/2.0/,14,1954.88,0.0000,4afa77bf8bc176de407eb5feb9bfda35a30dafaf1c15a81882fefdb66208c391
coco_train2017_000000376697.jpg,bottle_only,train2017,376697,http://images.cocodataset.org/train2017/000000376697.jpg,http://farm2.staticflickr.com/1245/838414203_98fb1cb7ff_z.jpg,Attribution-NonCommercial-ShareAlike License,http://creativecommons.org/licenses/by-nc-sa/2.0/,1,692.13,0.0023,244f4153531d42cfc3379b26a3fc4aa07adc27a151bae5bbaa08a35165d723c7
coco_train2017_000000133071.jpg,bottle_only,train2017,133071,http://images.cocodataset.org/train2017/000000133071.jpg,http://farm8.staticflickr.com/7440/8822801000_4a7f1a15fc_z.jpg,Attribution License,http://creativecommons.org/licenses/by/2.0/,2,1009.76,0.0140,b031012caa0edb146a3672b1478a80dc4992717fd816878b1a7754d02bac6589
coco_train2017_000000385707.jpg,bottle_only,train2017,385707,http://images.cocodataset.org/train2017/000000385707.jpg,http://farm2.staticflickr.com/1067/615431589_a0326c6b72_z.jpg,Attribution-ShareAlike License,http://creativecommons.org/licenses/by-sa/2.0/,1,465.72,0.0000,c3bc2789c3f0eb6627edf76ed1e47321eb9b59300ff0d2dd1998920139145bb7
coco_train2017_000000579240.jpg,bottle_only,train2017,579240,http://images.cocodataset.org/train2017/000000579240.jpg,http://farm8.staticflickr.com/7401/9416277828_c57dbb9f63_z.jpg,Attribution-NonCommercial-ShareAlike License,http://creativecommons.org/licenses/by-nc-sa/2.0/,14,2743.53,0.0118,f3a38c44004e965f3bcc822765879af7a35b476388d44a2556abdcda9f0a3cfc
coco_train2017_000000485933.jpg,bottle_only,train2017,485933,http://images.cocodataset.org/train2017/000000485933.jpg,http://farm6.staticflickr.com/5199/7055036863_372e5427fb_z.jpg,Attribution-ShareAlike License,http://creativecommons.org/licenses/by-sa/2.0/,2,1187.79,0.0001,422286ed96f761edf698e34a865e7bc14ec65f2d4970895410f3a2a6e46206ad
coco_train2017_000000423768.jpg,bottle_only,train2017,423768,http://images.cocodataset.org/train2017/000000423768.jpg,http://farm3.staticflickr.com/2146/3536492575_b636c1e90b_z.jpg,Attribution-NonCommercial-ShareAlike License,http://creativecommons.org/licenses/by-nc-sa/2.0/,1,234.15,0.0000,8e7a9b1cd33fdb640fa8499f1476234530e3bd2dc845325c9e27909545eccdf6
coco_train2017_000000051302.jpg,bottle_only,train2017,51302,http://images.cocodataset.org/train2017/000000051302.jpg,http://farm2.staticflickr.com/1106/1131519966_f29df77c99_z.jpg,Attribution License,http://creativecommons.org/licenses/by/2.0/,1,1743.74,0.0001,d275dffb4befd1fcb341f620eb783739d419465d1def66ad119cf3d77fc3c3e2
coco_train2017_000000467572.jpg,bottle_only,train2017,467572,http://images.cocodataset.org/train2017/000000467572.jpg,http://farm8.staticflickr.com/7237/7316116554_8d45fc1576_z.jpg,Attribution-NonCommercial-ShareAlike License,http://creativecommons.org/licenses/by-nc-sa/2.0/,1,349.69,0.0043,c2ffa91030843f534e31e98779f0e671008f1c49191096f07b437185c75e8174
coco_train2017_000000031796.jpg,bottle_only,train2017,31796,http://images.cocodataset.org/train2017/000000031796.jpg,http://farm8.staticflickr.com/7264/7427085382_562c881bd2_z.jpg,Attribution-ShareAlike License,http://creativecommons.org/licenses/by-sa/2.0/,1,1175.17,0.0091,22f8cb3b1e7e46cb090c391389c816a4d9b2522a48370e43558b2119f535221e
coco_train2017_000000050790.jpg,bottle_only,train2017,50790,http://images.cocodataset.org/train2017/000000050790.jpg,http://farm3.staticflickr.com/2452/3668776310_a62c81d427_z.jpg,Attribution License,http://creativecommons.org/licenses/by/2.0/,1,603.30,0.0000,dd25c63df10a8e874417d4b756151b6f3ed775f92a197f82e39d1023e94a5fd8
coco_train2017_000000214250.jpg,bottle_only,train2017,214250,http://images.cocodataset.org/train2017/000000214250.jpg,http://farm9.staticflickr.com/8266/8608470538_526fbf5d95_z.jpg,Attribution-NonCommercial-ShareAlike License,http://creativecommons.org/licenses/by-nc-sa/2.0/,1,701.65,0.0105,50eb1c009d02bea48198ccf1221bc083540ae5597b0f4a1a6396e426903a1cef
coco_train2017_000000070755.jpg,bottle_only,train2017,70755,http://images.cocodataset.org/train2017/000000070755.jpg,http://farm7.staticflickr.com/6200/6120486618_d898e2de55_z.jpg,Attribution-ShareAlike License,http://creativecommons.org/licenses/by-sa/2.0/,3,561.71,0.0000,331c318260f0f3f02fdf4a67709ff20903009f9da112796b2df6e6438dfffccd
coco_train2017_000000256251.jpg,bottle_only,train2017,256251,http://images.cocodataset.org/train2017/000000256251.jpg,http://farm6.staticflickr.com/5138/5545323612_f45974fa55_z.jpg,Attribution-NonCommercial License,http://creativecommons.org/licenses/by-nc/2.0/,1,870.47,0.0170,2b74b64a509d6173e010ac93cc53a54656e2b92d3f6663d6411ad618b8071eac
coco_train2017_000000460460.jpg,bottle_only,train2017,460460,http://images.cocodataset.org/train2017/000000460460.jpg,http://farm4.staticflickr.com/3400/3177487691_a0df6af843_z.jpg,Attribution-NonCommercial-ShareAlike License,http://creativecommons.org/licenses/by-nc-sa/2.0/,14,2112.27,0.0010,5f6a15f8db0167916d54ffb580e7836d15750a6b7f8c8fe04d4b50de33ba6ecf
coco_train2017_000000581670.jpg,bottle_only,train2017,581670,http://images.cocodataset.org/train2017/000000581670.jpg,http://farm3.staticflickr.com/2513/3928632798_b6d61187ca_z.jpg,Attribution-ShareAlike License,http://creativecommons.org/licenses/by-sa/2.0/,1,1055.60,0.0000,6e2f03129ae6c852603c2f3cf21f4f3de5535eaa8b097f74a99e6098948c8193
coco_train2017_000000393375.jpg,bottle_only,train2017,393375,http://images.cocodataset.org/train2017/000000393375.jpg,http://farm5.staticflickr.com/4054/4407608435_f75160f786_z.jpg,Attribution-NonCommercial License,http://creativecommons.org/licenses/by-nc/2.0/,1,1458.06,0.0001,df6e5c2ce3e7da4167b56b2c09a96d3a7d808fee96b121424cba21cd98aab2ad
coco_train2017_000000530668.jpg,bottle_only,train2017,530668,http://images.cocodataset.org/train2017/000000530668.jpg,http://farm6.staticflickr.com/5330/9552067568_9d395b5e41_z.jpg,Attribution License,http://creativecommons.org/licenses/by/2.0/,2,1418.10,0.0001,a5700c0809574e1ec203a352b42aa7877067882f4a87011b51068659c878e33f
coco_train2017_000000457205.jpg,bottle_only,train2017,457205,http://images.cocodataset.org/train2017/000000457205.jpg,http://farm4.staticflickr.com/3681/9459781267_946a93d32a_z.jpg,Attribution License,http://creativecommons.org/licenses/by/2.0/,3,1169.63,0.0014,31035beddb8ef50b2145fd31803e806ff99fbd58c4d9b61c81c9e776946e8fc6
coco_val2017_000000180751.jpg,bottle_only,val2017,180751,http://images.cocodataset.org/val2017/000000180751.jpg,http://farm7.staticflickr.com/6169/6215579954_c016735332_z.jpg,Attribution-NonCommercial-ShareAlike License,http://creativecommons.org/licenses/by-nc-sa/2.0/,12,1695.74,0.0076,1bdbecb3182b7f4fa5cbbdc15cf945e89f9f7f3e65f2af27aa819782e7cd9e04
coco_train2017_000000157639.jpg,bottle_only,train2017,157639,http://images.cocodataset.org/train2017/000000157639.jpg,http://farm7.staticflickr.com/6080/6022325932_63e2456581_z.jpg,Attribution-NonCommercial-ShareAlike License,http://creativecommons.org/licenses/by-nc-sa/2.0/,1,771.85,0.0001,dfafe2152f3753e9cf42aaf26c9e0a6677e76309a2410a585987d40877a8367b
coco_train2017_000000441883.jpg,bottle_only,train2017,441883,http://images.cocodataset.org/train2017/000000441883.jpg,http://farm3.staticflickr.com/2625/4250491940_7590db0bdb_z.jpg,Attribution-NonCommercial-ShareAlike License,http://creativecommons.org/licenses/by-nc-sa/2.0/,1,1342.99,0.0001,8d5a21bf588e7a1908a63918386a4d252c991f5f42681118ab0f57bbed13122f
coco_train2017_000000113561.jpg,bottle_only,train2017,113561,http://images.cocodataset.org/train2017/000000113561.jpg,http://farm1.staticflickr.com/96/244132646_7bb9d63aa4_z.jpg,Attribution-NonCommercial-ShareAlike License,http://creativecommons.org/licenses/by-nc-sa/2.0/,1,1128.17,0.0037,7c1745a157f84f644b83f793ca5299e8e22f62a474fb4b1ef60cdcc4d3cf2d57
coco_train2017_000000047213.jpg,bottle_only,train2017,47213,http://images.cocodataset.org/train2017/000000047213.jpg,http://farm4.staticflickr.com/3276/2308220015_aa55657ca9_z.jpg,Attribution License,http://creativecommons.org/licenses/by/2.0/,14,1802.42,0.0011,8fe6e36b7d82b152b65dabea7e681e46a3e89c89dc3b56e008586542bb9bd2d1
coco_train2017_000000275708.jpg,bottle_only,train2017,275708,http://images.cocodataset.org/train2017/000000275708.jpg,http://farm8.staticflickr.com/7035/6654438229_5ab0abe1f7_z.jpg,Attribution License,http://creativecommons.org/licenses/by/2.0/,1,2040.53,0.0000,45971e410969b59190919602b16f801912300d01ded3c23d24004226c3ae0bfc
coco_train2017_000000006406.jpg,bottle_only,train2017,6406,http://images.cocodataset.org/train2017/000000006406.jpg,http://farm4.staticflickr.com/3478/5849842244_1ed3c149d2_z.jpg,Attribution-NonCommercial-ShareAlike License,http://creativecommons.org/licenses/by-nc-sa/2.0/,3,572.96,0.0007,ffacc2c03cfa3185d04cd6c68d32fc59ec04f015956915e49be0b74cb81e68f0
coco_train2017_000000065509.jpg,bottle_only,train2017,65509,http://images.cocodataset.org/train2017/000000065509.jpg,http://farm1.staticflickr.com/33/40270411_6b5d9102c0_z.jpg,Attribution-NonCommercial-ShareAlike License,http://creativecommons.org/licenses/by-nc-sa/2.0/,1,606.66,0.0020,202d661311381f6f1f37004f2a288b1ca48b68ff63c0b21d9cab58f00b7aaf59
coco_train2017_000000492627.jpg,bottle_only,train2017,492627,http://images.cocodataset.org/train2017/000000492627.jpg,http://farm3.staticflickr.com/2805/9110299978_071124839e_z.jpg,Attribution-ShareAlike License,http://creativecommons.org/licenses/by-sa/2.0/,14,1494.29,0.0037,5bb4abf0036517f655c6e5ca1d5aef0cc99288923379fb069026b180ee568df2
coco_train2017_000000076589.jpg,bottle_only,train2017,76589,http://images.cocodataset.org/train2017/000000076589.jpg,http://farm4.staticflickr.com/3633/3522552644_c2cf38018f_z.jpg,Attribution-NonCommercial-ShareAlike License,http://creativecommons.org/licenses/by-nc-sa/2.0/,6,669.66,0.0000,40891ff73f83a7aac683d0a30fe0f29b1410384d51cac64e6d82c6c159c0d808
coco_train2017_000000186266.jpg,bottle_only,train2017,186266,http://images.cocodataset.org/train2017/000000186266.jpg,http://farm3.staticflickr.com/2550/4087582771_59b7460924_z.jpg,Attribution-NonCommercial-ShareAlike License,http://creativecommons.org/licenses/by-nc-sa/2.0/,10,940.68,0.0000,2983dcef0dfaa8470f640b488a811358dda1df2f4d0a0629fc98078bad27c369
coco_train2017_000000022102.jpg,bottle_only,train2017,22102,http://images.cocodataset.org/train2017/000000022102.jpg,http://farm6.staticflickr.com/5232/5861114721_2542182da2_z.jpg,Attribution-ShareAlike License,http://creativecommons.org/licenses/by-sa/2.0/,7,1194.58,0.0030,44a0f3797fa5283f81836a0d05529fc2f040b05abe3f195ef019305afaa0831d
coco_train2017_000000221696.jpg,bottle_only,train2017,221696,http://images.cocodataset.org/train2017/000000221696.jpg,http://farm8.staticflickr.com/7114/7512102222_140cea5850_z.jpg,Attribution-ShareAlike License,http://creativecommons.org/licenses/by-sa/2.0/,1,854.38,0.0000,03feb990c0e35c35ac9752a169fb0f4a1b9f329c65ff762f4c710370776606f4
coco_train2017_000000302823.jpg,bottle_only,train2017,302823,http://images.cocodataset.org/train2017/000000302823.jpg,http://farm9.staticflickr.com/8513/8510352715_8dec32b8f7_z.jpg,Attribution-NonCommercial License,http://creativecommons.org/licenses/by-nc/2.0/,1,1835.18,0.0233,f539f46bad7c507b31d08a3bb0acf1103be7cbd8eb1a061d2d3e7c34fe90d7d3
coco_train2017_000000145460.jpg,bottle_only,train2017,145460,http://images.cocodataset.org/train2017/000000145460.jpg,http://farm1.staticflickr.com/31/100098272_fb05ea2e8d_z.jpg,Attribution-ShareAlike License,http://creativecommons.org/licenses/by-sa/2.0/,1,2288.18,0.0342,4cd5111add8f037c503bacb3ce1fbe8e255606a00f78abe621eee58988656cf7
coco_val2017_000000160012.jpg,bottle_only,val2017,160012,http://images.cocodataset.org/val2017/000000160012.jpg,http://farm5.staticflickr.com/4009/4409615060_2f5554e232_z.jpg,Attribution License,http://creativecommons.org/licenses/by/2.0/,1,1815.00,0.0002,b660ce7ce72dcfa459181967524c53f9360318652c0014790da9fa096ccf1ae2
coco_train2017_000000264371.jpg,bottle_only,train2017,264371,http://images.cocodataset.org/train2017/000000264371.jpg,http://farm1.staticflickr.com/18/69994731_5049e1abdc_z.jpg,Attribution-NonCommercial License,http://creativecommons.org/licenses/by-nc/2.0/,1,505.35,0.0000,f6dcb3d71e35854e1463f51a321a652c488cb3ac5bb6a5a4a71566263b7a77ad
coco_train2017_000000197915.jpg,bottle_only,train2017,197915,http://images.cocodataset.org/train2017/000000197915.jpg,http://farm9.staticflickr.com/8176/8015043685_f79a17d0b4_z.jpg,Attribution-NonCommercial-ShareAlike License,http://creativecommons.org/licenses/by-nc-sa/2.0/,1,1053.18,0.0096,743ddba35eb7b23d227e9b2b2e0107c688b7da0e2d37d28ea74b3207708c7cec
coco_train2017_000000237230.jpg,bottle_only,train2017,237230,http://images.cocodataset.org/train2017/000000237230.jpg,http://farm5.staticflickr.com/4153/5109797756_31770fc31f_z.jpg,Attribution-ShareAlike License,http://creativecommons.org/licenses/by-sa/2.0/,14,3066.92,0.0056,70ce8023ba75cbf462d766175b3f21e28f97287536ea181f5aac275028cb5d82
coco_train2017_000000227185.jpg,bottle_only,train2017,227185,http://images.cocodataset.org/train2017/000000227185.jpg,http://farm8.staticflickr.com/7109/6861033250_ced9a0db9d_z.jpg,Attribution-ShareAlike License,http://creativecommons.org/licenses/by-sa/2.0/,2,319.16,0.0049,4edb605ee0bd87e6a88661c94d3a82c82c1042a6c28365798dd05e32471f6138
coco_train2017_000000506441.jpg,bottle_only,train2017,506441,http://images.cocodataset.org/train2017/000000506441.jpg,http://farm9.staticflickr.com/8313/7965518138_06f8dc9840_z.jpg,Attribution-NonCommercial-ShareAlike License,http://creativecommons.org/licenses/by-nc-sa/2.0/,2,1267.91,0.0131,1a8cf7eff107f21b983cf9c27d9bba36a74fc9b4ca2b499e112beee481b9721b
coco_train2017_000000510250.jpg,bottle_only,train2017,510250,http://images.cocodataset.org/train2017/000000510250.jpg,http://farm8.staticflickr.com/7174/6758133823_7fabfbd243_z.jpg,Attribution-ShareAlike License,http://creativecommons.org/licenses/by-sa/2.0/,1,1126.53,0.0239,f951954df936995fade606a43f8f2b39646f4b7e057134a7ac46fdeb0d18e8ab
coco_train2017_000000257461.jpg,bottle_only,train2017,257461,http://images.cocodataset.org/train2017/000000257461.jpg,http://farm4.staticflickr.com/3356/3518458009_373e6c73f4_z.jpg,Attribution License,http://creativecommons.org/licenses/by/2.0/,1,225.57,0.0008,502ea4f5ada67b2936d653f2f982a33529f787d1cb771ea69caab318e4dd3ca7
coco_train2017_000000573341.jpg,bottle_only,train2017,573341,http://images.cocodataset.org/train2017/000000573341.jpg,http://farm1.staticflickr.com/48/125621399_f8fe537beb_z.jpg,Attribution License,http://creativecommons.org/licenses/by/2.0/,14,1162.61,0.0002,7256bbbc046bc051b5d304738e36c574265da22794a2560db9209173e933989a
coco_train2017_000000359525.jpg,bottle_only,train2017,359525,http://images.cocodataset.org/train2017/000000359525.jpg,http://farm8.staticflickr.com/7278/7872721690_46e1fdfb03_z.jpg,Attribution License,http://creativecommons.org/licenses/by/2.0/,1,941.66,0.0072,0bf444f1d6df8b8416c5b07f7aba2c242966e0d8631c0870876786c3f8687b5f
coco_train2017_000000255179.jpg,bottle_only,train2017,255179,http://images.cocodataset.org/train2017/000000255179.jpg,http://farm8.staticflickr.com/7245/7174723399_64e414bc74_z.jpg,Attribution-NonCommercial License,http://creativecommons.org/licenses/by-nc/2.0/,1,1054.97,0.0000,e4e2f9cf504eba9bf828252c2fcf24fc42c17b9efb84e4f876a7256651a35984
coco_train2017_000000214526.jpg,bottle_only,train2017,214526,http://images.cocodataset.org/train2017/000000214526.jpg,http://farm1.staticflickr.com/24/42439346_32aa9360cd_z.jpg,Attribution-NonCommercial-ShareAlike License,http://creativecommons.org/licenses/by-nc-sa/2.0/,14,5590.44,0.0074,214dff1b40bd04f204f46bd33c83137b338b5138d342848f4110cc3e8d96a690
coco_train2017_000000102757.jpg,bottle_only,train2017,102757,http://images.cocodataset.org/train2017/000000102757.jpg,http://farm8.staticflickr.com/7456/8720602666_c2b46bb97e_z.jpg,Attribution-ShareAlike License,http://creativecommons.org/licenses/by-sa/2.0/,2,1137.44,0.0022,84fd6c8467f4be36142b0e4c502ac33f0e7a195f2ca3a6d174d16a5621cbf96d
coco_train2017_000000059319.jpg,bottle_only,train2017,59319,http://images.cocodataset.org/train2017/000000059319.jpg,http://farm9.staticflickr.com/8476/8450610998_561b0d0964_z.jpg,Attribution License,http://creativecommons.org/licenses/by/2.0/,14,1910.20,0.0062,efb831713af0fbdc92d490dd8858c2bdd9ff93380bf5d83186b86787ef5900c5
coco_train2017_000000450391.jpg,bottle_only,train2017,450391,http://images.cocodataset.org/train2017/000000450391.jpg,http://farm1.staticflickr.com/140/405913199_4356ca1e8f_z.jpg,Attribution License,http://creativecommons.org/licenses/by/2.0/,1,1507.07,0.0084,91e408db38779245d142d65e7b7daa7d22e4a70c68e7f7ec26ec1d926074743c
coco_train2017_000000140919.jpg,bottle_only,train2017,140919,http://images.cocodataset.org/train2017/000000140919.jpg,http://farm9.staticflickr.com/8230/8566738771_509527aa2f_z.jpg,Attribution-NonCommercial License,http://creativecommons.org/licenses/by-nc/2.0/,1,3209.01,0.0057,14d8cf26da75a2af766c04cbda43b9eb3de3eaddaca9946960902b7639462a60
coco_train2017_000000361351.jpg,bottle_only,train2017,361351,http://images.cocodataset.org/train2017/000000361351.jpg,http://farm3.staticflickr.com/2731/4265522856_0a5582c58a_z.jpg,Attribution License,http://creativecommons.org/licenses/by/2.0/,1,1204.31,0.0000,057585985f6a331d7edd0eb2f9b49112de58c08ffc37f90ecbc923ef6836e85d
coco_train2017_000000304483.jpg,bottle_only,train2017,304483,http://images.cocodataset.org/train2017/000000304483.jpg,http://farm5.staticflickr.com/4011/4384051376_ac794ed2ff_z.jpg,Attribution-ShareAlike License,http://creativecommons.org/licenses/by-sa/2.0/,1,382.16,0.0000,695ff61b1868d5c8062abf57cabef33861bc04a41cf1813476f0943ff1757994
coco_train2017_000000059798.jpg,bottle_only,train2017,59798,http://images.cocodataset.org/train2017/000000059798.jpg,http://farm6.staticflickr.com/5011/5559690388_b10862c01d_z.jpg,Attribution-NonCommercial License,http://creativecommons.org/licenses/by-nc/2.0/,1,1479.19,0.0690,3bf6efe099d5d8ae11dc45aa1ae2ef0c9182af6c5da2e05b8f872813c32bd3e2
coco_train2017_000000382945.jpg,bottle_only,train2017,382945,http://images.cocodataset.org/train2017/000000382945.jpg,http://farm9.staticflickr.com/8097/8509288678_70d4d1d446_z.jpg,Attribution-NonCommercial License,http://creativecommons.org/licenses/by-nc/2.0/,2,1060.25,0.0679,80c53d353a69c143ca6d460f4d6c9f51118ec1445391d2e81872c6f1fdfef739
coco_train2017_000000122097.jpg,bottle_only,train2017,122097,http://images.cocodataset.org/train2017/000000122097.jpg,http://farm2.staticflickr.com/1155/1086446992_9d219901d3_z.jpg,Attribution-NonCommercial-ShareAlike License,http://creativecommons.org/licenses/by-nc-sa/2.0/,1,842.15,0.0005,6189ffebdeb869b0367d95b8d503abe59ebe38b02bcfddc69e4cfddb14159c4b
coco_train2017_000000456009.jpg,mouse_only,train2017,456009,http://images.cocodataset.org/train2017/000000456009.jpg,http://farm5.staticflickr.com/4110/5194458462_b7860353fb_z.jpg,Attribution-NonCommercial-ShareAlike License,http://creativecommons.org/licenses/by-nc-sa/2.0/,1,3656.01,0.0120,ed1be07cbd4177c677434bab95b35eb3816c09666318a06d219b45b1059c4a35
coco_train2017_000000569024.jpg,mouse_only,train2017,569024,http://images.cocodataset.org/train2017/000000569024.jpg,http://farm1.staticflickr.com/212/504851462_55da5cb9a2_z.jpg,Attribution-NonCommercial-ShareAlike License,http://creativecommons.org/licenses/by-nc-sa/2.0/,1,272.97,0.0047,0dbb4f9ce615f52a52fea3986a3c8517d8d173393375136873cf466706b6f6f5
coco_train2017_000000414501.jpg,mouse_only,train2017,414501,http://images.cocodataset.org/train2017/000000414501.jpg,http://farm1.staticflickr.com/70/202874545_d22240e15f_z.jpg,Attribution-NonCommercial License,http://creativecommons.org/licenses/by-nc/2.0/,16,4391.45,0.0135,a0e76be4298352babdfeb631dc208a5a892858d764792ccfd9b632bdb091e61b
coco_train2017_000000316842.jpg,mouse_only,train2017,316842,http://images.cocodataset.org/train2017/000000316842.jpg,http://farm1.staticflickr.com/5/6290817_5f148cf554_z.jpg,Attribution-NonCommercial License,http://creativecommons.org/licenses/by-nc/2.0/,1,1885.87,0.0330,ced3442aa2365dd4b75aa0501010d4531cdfa4bbaaac69044d8c8706b61a19d3
coco_train2017_000000078079.jpg,mouse_only,train2017,78079,http://images.cocodataset.org/train2017/000000078079.jpg,http://farm4.staticflickr.com/3154/3062441904_d649a879f5_z.jpg,Attribution License,http://creativecommons.org/licenses/by/2.0/,1,2171.02,0.0000,1b9b81fc0a1311ff0f343e2f1dbd7207bfe942f1ed270ca3074160abe64c63f8
coco_train2017_000000544018.jpg,mouse_only,train2017,544018,http://images.cocodataset.org/train2017/000000544018.jpg,http://farm5.staticflickr.com/4131/5084757160_0cc14864bc_z.jpg,Attribution License,http://creativecommons.org/licenses/by/2.0/,1,391.72,0.0025,cf92ba7ff03b9c5eb612900e29c35b67e5d414852a2d0d356628901f7c6c541e
coco_train2017_000000068418.jpg,mouse_only,train2017,68418,http://images.cocodataset.org/train2017/000000068418.jpg,http://farm3.staticflickr.com/2455/4006355390_0ccea4718e_z.jpg,Attribution-NonCommercial-ShareAlike License,http://creativecommons.org/licenses/by-nc-sa/2.0/,1,246.60,0.0295,12c1330516bff77e2ed52aad03c77c2643bbee03e3676d3fbc46c34e28e8fbe2
coco_train2017_000000057892.jpg,mouse_only,train2017,57892,http://images.cocodataset.org/train2017/000000057892.jpg,http://farm1.staticflickr.com/22/31248204_29d49fda1e_z.jpg,Attribution-ShareAlike License,http://creativecommons.org/licenses/by-sa/2.0/,2,2180.28,0.0827,b5088c26fb5882d6b2366e64ca000d3e43105ad2c6573a5cdf323caa6e1ed090
coco_train2017_000000271068.jpg,mouse_only,train2017,271068,http://images.cocodataset.org/train2017/000000271068.jpg,http://farm6.staticflickr.com/5491/10173986986_02d89824bc_z.jpg,Attribution-NonCommercial-ShareAlike License,http://creativecommons.org/licenses/by-nc-sa/2.0/,1,676.67,0.0018,d3db8260653e117001ed0f487f0f52233ab78d12ccdc1e08ed93c3d56a1261c3
coco_train2017_000000149556.jpg,mouse_only,train2017,149556,http://images.cocodataset.org/train2017/000000149556.jpg,http://farm1.staticflickr.com/53/148134100_f5fbabd3dd_z.jpg,Attribution-NonCommercial-ShareAlike License,http://creativecommons.org/licenses/by-nc-sa/2.0/,2,561.89,0.0256,06ea7380fc1fd853a004fe848ec44942eaf37736d5b8d0db164f2614a7a98849
coco_train2017_000000124215.jpg,mouse_only,train2017,124215,http://images.cocodataset.org/train2017/000000124215.jpg,http://farm4.staticflickr.com/3591/3425732881_aa0dcaca94_z.jpg,Attribution-ShareAlike License,http://creativecommons.org/licenses/by-sa/2.0/,1,3445.18,0.0117,b8d29cf7d2edb46afa3280357460fd878e8fb33b5ef2f5de1995e426d28f3531
coco_train2017_000000346386.jpg,mouse_only,train2017,346386,http://images.cocodataset.org/train2017/000000346386.jpg,http://farm3.staticflickr.com/2055/2183200180_97b31641d4_z.jpg,Attribution-ShareAlike License,http://creativecommons.org/licenses/by-sa/2.0/,1,75.42,0.0010,fbce98fbefb10f5d5081fcc9de77ed8a6645cf42d291060bef24cb54a62bc025
coco_train2017_000000417804.jpg,mouse_only,train2017,417804,http://images.cocodataset.org/train2017/000000417804.jpg,http://farm3.staticflickr.com/2714/4095423137_406a6962ca_z.jpg,Attribution-NonCommercial-ShareAlike License,http://creativecommons.org/licenses/by-nc-sa/2.0/,1,200.53,0.0000,0984139251768201f74ed89b20a1e00d9ed81e1dbb5dc1ef0ffaa599265ee436
coco_train2017_000000466967.jpg,mouse_only,train2017,466967,http://images.cocodataset.org/train2017/000000466967.jpg,http://farm1.staticflickr.com/38/79816267_78d870b897_z.jpg,Attribution-NonCommercial License,http://creativecommons.org/licenses/by-nc/2.0/,1,1477.53,0.1576,860b828a710690662f3875f65ac75d518366d951c91db2534ff531d52a98fc9e
coco_train2017_000000487774.jpg,mouse_only,train2017,487774,http://images.cocodataset.org/train2017/000000487774.jpg,http://farm1.staticflickr.com/165/395619456_f07fa43da9_z.jpg,Attribution-NonCommercial License,http://creativecommons.org/licenses/by-nc/2.0/,1,610.69,0.0250,0d54bc1965bec826a9c07d6f5e9e4c49c536fa59e7296aa2fa8204b5f534891d
coco_train2017_000000193798.jpg,mouse_only,train2017,193798,http://images.cocodataset.org/train2017/000000193798.jpg,http://farm9.staticflickr.com/8083/8315859567_fbacdce033_z.jpg,Attribution-NonCommercial-ShareAlike License,http://creativecommons.org/licenses/by-nc-sa/2.0/,1,1298.98,0.0000,1cd576d2e091b9115977bff8e73fb2436c2e8d13de0e6b03901cfea220f772eb
coco_train2017_000000400166.jpg,mouse_only,train2017,400166,http://images.cocodataset.org/train2017/000000400166.jpg,http://farm2.staticflickr.com/1302/1151559454_2a99a3be2e_z.jpg,Attribution-ShareAlike License,http://creativecommons.org/licenses/by-sa/2.0/,2,436.74,0.0230,370401197cea7a9129531934eeebc6193ca3d57e60996b469cb8fd5a759c5de7
coco_train2017_000000447548.jpg,mouse_only,train2017,447548,http://images.cocodataset.org/train2017/000000447548.jpg,http://farm5.staticflickr.com/4091/4954437153_9f1467b846_z.jpg,Attribution-ShareAlike License,http://creativecommons.org/licenses/by-sa/2.0/,1,57.23,0.0019,76f12583b730b2203486bf430c2cc3e7999b9923408cbdc00fc18850643eac14
coco_train2017_000000416322.jpg,mouse_only,train2017,416322,http://images.cocodataset.org/train2017/000000416322.jpg,http://farm4.staticflickr.com/3061/3052444142_979525f1b4_z.jpg,Attribution License,http://creativecommons.org/licenses/by/2.0/,1,349.34,0.0001,008095ccdb3ee648ad9c4c1bc3ff36fb579e22eefa4f6ef28655a0958404e9cf
coco_train2017_000000413668.jpg,mouse_only,train2017,413668,http://images.cocodataset.org/train2017/000000413668.jpg,http://farm1.staticflickr.com/55/141085857_63ba960f52_z.jpg,Attribution-NonCommercial-ShareAlike License,http://creativecommons.org/licenses/by-nc-sa/2.0/,3,2940.85,0.0114,703a471b32e5c31aa7f938878ad56e8baebfe2b5c3d894c0f82728a2a113bbc8
coco_train2017_000000076484.jpg,mouse_only,train2017,76484,http://images.cocodataset.org/train2017/000000076484.jpg,http://farm3.staticflickr.com/2521/4136846063_f9eb85c918_z.jpg,Attribution-NonCommercial-ShareAlike License,http://creativecommons.org/licenses/by-nc-sa/2.0/,1,1210.28,0.0006,4edfc651f9398e79a40fffab3c2c1c30887b099bbea30b738c2e8416baf2e930
coco_train2017_000000035498.jpg,mouse_only,train2017,35498,http://images.cocodataset.org/train2017/000000035498.jpg,http://farm1.staticflickr.com/25/50181185_898b67baed_z.jpg,Attribution-NonCommercial-ShareAlike License,http://creativecommons.org/licenses/by-nc-sa/2.0/,1,472.61,0.0000,0cd1700049bb6eaac11eaa185144de0b80d2c876d53a4f276c9140f327d4c10e
coco_train2017_000000061849.jpg,mouse_only,train2017,61849,http://images.cocodataset.org/train2017/000000061849.jpg,http://farm6.staticflickr.com/5299/5504231402_4f7edf7b14_z.jpg,Attribution-NonCommercial-ShareAlike License,http://creativecommons.org/licenses/by-nc-sa/2.0/,1,241.57,0.0004,f205d6fe082470e9f82cf77132848d2a42551472b310f3d1b899b5fa11db8920
coco_train2017_000000108917.jpg,mouse_only,train2017,108917,http://images.cocodataset.org/train2017/000000108917.jpg,http://farm1.staticflickr.com/25/43602895_4cb495c138_z.jpg,Attribution-NonCommercial-ShareAlike License,http://creativecommons.org/licenses/by-nc-sa/2.0/,1,59.73,0.0003,8076d8acdab3a112eb18a198a3d4b5b354468f077d877e187cbc7d0b659e8dcb
coco_train2017_000000278309.jpg,mouse_only,train2017,278309,http://images.cocodataset.org/train2017/000000278309.jpg,http://farm1.staticflickr.com/100/316965999_a4930d32b8_z.jpg,Attribution-NonCommercial-ShareAlike License,http://creativecommons.org/licenses/by-nc-sa/2.0/,1,2623.87,0.0095,0817cddf95706bafcffbe70c07b31d2816a66696493f9c22596ee56ec0cc4a8d
coco_train2017_000000443723.jpg,mouse_only,train2017,443723,http://images.cocodataset.org/train2017/000000443723.jpg,http://farm5.staticflickr.com/4041/5146212293_74798075d1_z.jpg,Attribution License,http://creativecommons.org/licenses/by/2.0/,1,1082.48,0.0065,fd011381463b4093f0badecd9595c2faf4936d69f05a4989544e730903663637
coco_val2017_000000372466.jpg,mouse_only,val2017,372466,http://images.cocodataset.org/val2017/000000372466.jpg,http://farm4.staticflickr.com/3270/2668055050_d6b24eb5f4_z.jpg,Attribution License,http://creativecommons.org/licenses/by/2.0/,1,1010.98,0.0038,39c3879d689f32ccb2e25ebd42ecda121dc18e6255ca890411830bf0e59658e1
coco_train2017_000000344033.jpg,mouse_only,train2017,344033,http://images.cocodataset.org/train2017/000000344033.jpg,http://farm1.staticflickr.com/59/165459218_e68cd31696_z.jpg,Attribution-NonCommercial-ShareAlike License,http://creativecommons.org/licenses/by-nc-sa/2.0/,1,384.04,0.0000,48c1edb99823f4f263e09294e53e5374ac2a6debbd3f4555bdb703f2005edc51
coco_train2017_000000556399.jpg,mouse_only,train2017,556399,http://images.cocodataset.org/train2017/000000556399.jpg,http://farm4.staticflickr.com/3681/9454106748_372aaa989a_z.jpg,Attribution License,http://creativecommons.org/licenses/by/2.0/,1,115.38,0.0000,4b8fe8b389488c6b8581183103ae01cff36b290c11baa04ca2cc5fc54e4780c3
coco_train2017_000000028978.jpg,mouse_only,train2017,28978,http://images.cocodataset.org/train2017/000000028978.jpg,http://farm3.staticflickr.com/2114/2344567014_2d59aa05f4_z.jpg,Attribution License,http://creativecommons.org/licenses/by/2.0/,1,651.82,0.0000,82723dcfe3bab76b4cef2d4ff73b370e8ab302ac135d10de40ee6d9cf68c92c0
coco_train2017_000000430002.jpg,mouse_only,train2017,430002,http://images.cocodataset.org/train2017/000000430002.jpg,http://farm3.staticflickr.com/2715/4344655406_5266eca22c_z.jpg,Attribution License,http://creativecommons.org/licenses/by/2.0/,1,1389.65,0.0003,bef3447eec6498c13d62dccb845252bae61804fb724f7b5e20ebaec607b2d16a
coco_train2017_000000096268.jpg,mouse_only,train2017,96268,http://images.cocodataset.org/train2017/000000096268.jpg,http://farm5.staticflickr.com/4117/4927078506_4454786014_z.jpg,Attribution-NonCommercial License,http://creativecommons.org/licenses/by-nc/2.0/,1,272.78,0.0013,aefab5cca568c4c945dce3e3df53cf9cf961450a0fd81315749a0134228ce1d0
coco_train2017_000000285253.jpg,mouse_only,train2017,285253,http://images.cocodataset.org/train2017/000000285253.jpg,http://farm1.staticflickr.com/6/6120327_66d6cd99e2_z.jpg,Attribution-NonCommercial License,http://creativecommons.org/licenses/by-nc/2.0/,1,1399.96,0.0005,3ddb90263f9ad6b6886e89f48591966d9309c13ed6e033f125f315b2961236c3
coco_val2017_000000560011.jpg,mouse_only,val2017,560011,http://images.cocodataset.org/val2017/000000560011.jpg,http://farm3.staticflickr.com/2056/2212485799_fd16c60c3a_z.jpg,Attribution-ShareAlike License,http://creativecommons.org/licenses/by-sa/2.0/,1,63.97,0.0000,811b554184a3e1b1d2515f912c3dc972f81bdbcceb607629bef3a21fc5e8db38
coco_train2017_000000299785.jpg,mouse_only,train2017,299785,http://images.cocodataset.org/train2017/000000299785.jpg,http://farm5.staticflickr.com/4027/4597015373_8d530699b9_z.jpg,Attribution-NonCommercial-ShareAlike License,http://creativecommons.org/licenses/by-nc-sa/2.0/,1,135.02,0.0000,6cf9ecd9642e8a0d40e12bcba45704c3875a60e86f57647395c48e00515f69ad
coco_train2017_000000111996.jpg,mouse_only,train2017,111996,http://images.cocodataset.org/train2017/000000111996.jpg,http://farm3.staticflickr.com/2661/4086239978_a931d23ebc_z.jpg,Attribution-NonCommercial-ShareAlike License,http://creativecommons.org/licenses/by-nc-sa/2.0/,1,85.55,0.0000,52a1eb7de637f1b3b745dec6ac0d583147a39c27718b9787216958a357b51228
coco_train2017_000000424139.jpg,mouse_only,train2017,424139,http://images.cocodataset.org/train2017/000000424139.jpg,http://farm4.staticflickr.com/3303/3296587293_00ba55575b_z.jpg,Attribution-NonCommercial-ShareAlike License,http://creativecommons.org/licenses/by-nc-sa/2.0/,1,1540.25,0.1077,e86cae7de9c7dfab23f4a4d4c78bf8f791d1542bb178a5b0f0ebe5b555dbcd5e
coco_train2017_000000142534.jpg,mouse_only,train2017,142534,http://images.cocodataset.org/train2017/000000142534.jpg,http://farm3.staticflickr.com/2653/4090032067_c07fd74124_z.jpg,Attribution-NonCommercial-ShareAlike License,http://creativecommons.org/licenses/by-nc-sa/2.0/,2,2206.46,0.0087,8279a6c6d64aaa0ec607a34c12f81821eb440be7321870f285837a19467eb136
coco_train2017_000000540253.jpg,mouse_only,train2017,540253,http://images.cocodataset.org/train2017/000000540253.jpg,http://farm2.staticflickr.com/1340/1186682153_f57886e1fe_z.jpg,Attribution-NonCommercial-ShareAlike License,http://creativecommons.org/licenses/by-nc-sa/2.0/,1,1831.25,0.0319,e27f9c130e130ee09efef13009f4e5a9ba6011e9d3d3dcbdd768dba5765ed3a6
coco_train2017_000000533511.jpg,mouse_only,train2017,533511,http://images.cocodataset.org/train2017/000000533511.jpg,http://farm4.staticflickr.com/3643/3356234219_104711e24f_z.jpg,Attribution-NonCommercial-ShareAlike License,http://creativecommons.org/licenses/by-nc-sa/2.0/,1,1033.86,0.0176,95411e156d663c74a71c152013a24d21037b559ecfeb882be26ab603d0baf291
coco_train2017_000000144163.jpg,mouse_only,train2017,144163,http://images.cocodataset.org/train2017/000000144163.jpg,http://farm1.staticflickr.com/27/66319562_ed6608ef74_z.jpg,Attribution-NonCommercial-ShareAlike License,http://creativecommons.org/licenses/by-nc-sa/2.0/,1,233.21,0.0000,c888d6eba8d02d83a0532e1cd88486fd7ff77885075747a49ccc022f123a6b35
coco_train2017_000000401327.jpg,mouse_only,train2017,401327,http://images.cocodataset.org/train2017/000000401327.jpg,http://farm3.staticflickr.com/2055/1948072394_be98f867e1_z.jpg,Attribution-ShareAlike License,http://creativecommons.org/licenses/by-sa/2.0/,1,1619.30,0.0022,6148ce0bd09b966c46088b2fdd562ca7e2bb3c6b99d07bbc1f3ecc9475c1adfe
coco_train2017_000000444568.jpg,mouse_only,train2017,444568,http://images.cocodataset.org/train2017/000000444568.jpg,http://farm4.staticflickr.com/3127/3157581691_184c154394_z.jpg,Attribution-NonCommercial-ShareAlike License,http://creativecommons.org/licenses/by-nc-sa/2.0/,1,690.95,0.0001,d2091ef988f9b5a4cd0dd5663f550921e95c74ce8eb51b73c0d64a825a60a253
coco_train2017_000000501909.jpg,mouse_only,train2017,501909,http://images.cocodataset.org/train2017/000000501909.jpg,http://farm1.staticflickr.com/111/292109866_006939ac3a_z.jpg,Attribution-NonCommercial-ShareAlike License,http://creativecommons.org/licenses/by-nc-sa/2.0/,1,992.21,0.0106,0be1e603b91cb0d6ba9a54e5854abb47035cc512f5487a053909950ef1bb8171
coco_train2017_000000308536.jpg,mouse_only,train2017,308536,http://images.cocodataset.org/train2017/000000308536.jpg,http://farm8.staticflickr.com/7219/7177732008_04638ef612_z.jpg,Attribution-ShareAlike License,http://creativecommons.org/licenses/by-sa/2.0/,11,4719.23,0.2417,72a6a262d46e9bdd79641a08850b27978053a8dffb078d9a3c34b132616797b5
coco_train2017_000000431923.jpg,mouse_only,train2017,431923,http://images.cocodataset.org/train2017/000000431923.jpg,http://farm1.staticflickr.com/104/298635178_263a2f849d_z.jpg,Attribution-NonCommercial-ShareAlike License,http://creativecommons.org/licenses/by-nc-sa/2.0/,1,521.70,0.0000,5c2b3943e7cedb46b8ee8ac3218b0194147e7b92450eeb5be0686529a02e85a0
coco_train2017_000000371927.jpg,mouse_only,train2017,371927,http://images.cocodataset.org/train2017/000000371927.jpg,http://farm3.staticflickr.com/2069/1977456960_c606937a66_z.jpg,Attribution License,http://creativecommons.org/licenses/by/2.0/,12,4963.47,0.0000,dc40c0a9afcf3f1046b935589ec79a9a27aecf2fa01ec20fd25071400a599d9e
coco_train2017_000000310897.jpg,mouse_only,train2017,310897,http://images.cocodataset.org/train2017/000000310897.jpg,http://farm1.staticflickr.com/22/31248108_1a77fd4bc7_z.jpg,Attribution-ShareAlike License,http://creativecommons.org/licenses/by-sa/2.0/,2,2033.76,0.0919,6ededce88bef1d9309eafe0f12c3f985560e7c0531a95cf98a6332f4a079601e
coco_train2017_000000016606.jpg,mouse_only,train2017,16606,http://images.cocodataset.org/train2017/000000016606.jpg,http://farm4.staticflickr.com/3110/3154917312_1abddc3684_z.jpg,Attribution License,http://creativecommons.org/licenses/by/2.0/,1,128.75,0.0000,fcfc9c469d65a70a71ce33672ef8359ab415b91c688da85f4d87cb43f97d728b
coco_train2017_000000421794.jpg,mouse_only,train2017,421794,http://images.cocodataset.org/train2017/000000421794.jpg,http://farm1.staticflickr.com/52/130395004_c91fa9fd51_z.jpg,Attribution-NonCommercial License,http://creativecommons.org/licenses/by-nc/2.0/,1,1192.83,0.1044,bd8491c6307d14299fff54ec4cbca310c4369647190edb767ba6f07d2b25fa0a
coco_train2017_000000032231.jpg,mouse_only,train2017,32231,http://images.cocodataset.org/train2017/000000032231.jpg,http://farm3.staticflickr.com/2171/3528772250_a6c36e0cb6_z.jpg,Attribution-NonCommercial-ShareAlike License,http://creativecommons.org/licenses/by-nc-sa/2.0/,12,3848.52,0.0019,0af9f2be439189abbcd9b7981851a601a966dd82f3a7be22aa7ae4c06e3b020b
coco_train2017_000000368706.jpg,mouse_only,train2017,368706,http://images.cocodataset.org/train2017/000000368706.jpg,http://farm1.staticflickr.com/9/15490848_ec49227368_z.jpg,Attribution-NonCommercial License,http://creativecommons.org/licenses/by-nc/2.0/,4,450.11,0.0055,304067b0a594f294683683f9ba2c2c55070004f98cbde5dae65318c9b2803fd5
coco_train2017_000000343552.jpg,mouse_only,train2017,343552,http://images.cocodataset.org/train2017/000000343552.jpg,http://farm1.staticflickr.com/34/66826401_b11be285f9_z.jpg,Attribution License,http://creativecommons.org/licenses/by/2.0/,1,216.45,0.0000,29a4ecb068ab4bae008503cdc0a0471dfa166c66ec88d123d0e200b8855e17d7
coco_train2017_000000362751.jpg,mouse_only,train2017,362751,http://images.cocodataset.org/train2017/000000362751.jpg,http://farm3.staticflickr.com/2773/4534928563_d1664b4de9_z.jpg,Attribution-NonCommercial-ShareAlike License,http://creativecommons.org/licenses/by-nc-sa/2.0/,1,728.84,0.0679,8b723174d72191648ad832dfd5a1713c037a5242d4d99c111b5f099af19d06e5
coco_train2017_000000324837.jpg,mouse_only,train2017,324837,http://images.cocodataset.org/train2017/000000324837.jpg,http://farm7.staticflickr.com/6114/6317623664_89cf3f3a0b_z.jpg,Attribution-NonCommercial-ShareAlike License,http://creativecommons.org/licenses/by-nc-sa/2.0/,1,1491.72,0.0000,c0bb7aab3f0ef7d7abd7b6337ba78c9135df52244ab9916ee6a1ddf1330a5002
coco_train2017_000000359097.jpg,mouse_only,train2017,359097,http://images.cocodataset.org/train2017/000000359097.jpg,http://farm6.staticflickr.com/5220/5407207982_1a68f4b37b_z.jpg,Attribution-NonCommercial-ShareAlike License,http://creativecommons.org/licenses/by-nc-sa/2.0/,3,524.79,0.0000,1bd8ce008a17c92bbe4d0365d201b94fe87aa4b669f0e6b0572c384b2721a99c
coco_train2017_000000455299.jpg,mouse_only,train2017,455299,http://images.cocodataset.org/train2017/000000455299.jpg,http://farm1.staticflickr.com/153/414630551_ba727fab26_z.jpg,Attribution-NonCommercial-ShareAlike License,http://creativecommons.org/licenses/by-nc-sa/2.0/,2,2283.11,0.0505,feb360e8d16d0cfd377ad7ddb052beec7e170f49d121b51951f79395319f91c8
coco_train2017_000000429332.jpg,mouse_only,train2017,429332,http://images.cocodataset.org/train2017/000000429332.jpg,http://farm4.staticflickr.com/3570/3506006424_1717a9a644_z.jpg,Attribution License,http://creativecommons.org/licenses/by/2.0/,1,717.13,0.0003,66cf34108cca8b95ce1f1da6a425af28665d1ab332aa02c06bbd3b6b3ed9de5e
coco_train2017_000000301077.jpg,mouse_only,train2017,301077,http://images.cocodataset.org/train2017/000000301077.jpg,http://farm5.staticflickr.com/4044/4498085298_f8cb0c0bec_z.jpg,Attribution-NonCommercial License,http://creativecommons.org/licenses/by-nc/2.0/,1,393.86,0.0153,495229215e13dc61a814d72da003c5d473ed3a1fb88cb5bb9e63ce1d7ec618c2
coco_train2017_000000118108.jpg,mouse_only,train2017,118108,http://images.cocodataset.org/train2017/000000118108.jpg,http://farm2.staticflickr.com/1081/1249497809_2a74d87de6_z.jpg,Attribution License,http://creativecommons.org/licenses/by/2.0/,1,665.02,0.0000,9f2a534ba9cc3cbe7690c1802a63813133251fdd40a72fe00190cb3ba6844cf5
coco_train2017_000000297426.jpg,mouse_only,train2017,297426,http://images.cocodataset.org/train2017/000000297426.jpg,http://farm2.staticflickr.com/1053/1162404398_6744d0680c_z.jpg,Attribution-NonCommercial-ShareAlike License,http://creativecommons.org/licenses/by-nc-sa/2.0/,1,3719.09,0.0005,80e655f8b2ad8604cacb72d664934e54886750f76a8140711db6fb6d4aba0927
coco_train2017_000000221040.jpg,mouse_only,train2017,221040,http://images.cocodataset.org/train2017/000000221040.jpg,http://farm3.staticflickr.com/2596/4160003006_9c851a9a80_z.jpg,Attribution-NonCommercial License,http://creativecommons.org/licenses/by-nc/2.0/,1,893.97,0.1876,007233bc5ddf3315e8a5c70fea47b3cf47be11318526709a23ef629fa261a210
coco_train2017_000000141828.jpg,mouse_only,train2017,141828,http://images.cocodataset.org/train2017/000000141828.jpg,http://farm3.staticflickr.com/2347/2196933524_9dfa9769d6_z.jpg,Attribution-NonCommercial-ShareAlike License,http://creativecommons.org/licenses/by-nc-sa/2.0/,7,1771.88,0.0000,90bcce1dafff29872137ff7a641397190d11e7c392400651ea59587bb2ebd9c0
coco_train2017_000000476852.jpg,mouse_only,train2017,476852,http://images.cocodataset.org/train2017/000000476852.jpg,http://farm4.staticflickr.com/3131/2885404785_f55100f957_z.jpg,Attribution License,http://creativecommons.org/licenses/by/2.0/,2,520.63,0.0000,a9a1ed1f18a34a9d76af9fb50b0fa36fdc1d17933206fae516182da4212742f4
coco_train2017_000000573501.jpg,mouse_only,train2017,573501,http://images.cocodataset.org/train2017/000000573501.jpg,http://farm5.staticflickr.com/4139/4803292218_c39624bacc_z.jpg,Attribution-ShareAlike License,http://creativecommons.org/licenses/by-sa/2.0/,1,97.74,0.0025,11e0137e17f288b1387a041847d8be9f1468f2f7634e44872001be497e385378
coco_train2017_000000226913.jpg,mouse_only,train2017,226913,http://images.cocodataset.org/train2017/000000226913.jpg,http://farm6.staticflickr.com/5044/5367713825_97c8cf6c57_z.jpg,Attribution-NonCommercial-ShareAlike License,http://creativecommons.org/licenses/by-nc-sa/2.0/,1,418.80,0.0041,44f5304fddc5dbf3c02a7535923401599e0b62137ea299dca6497004dbf27024
coco_train2017_000000267042.jpg,mouse_only,train2017,267042,http://images.cocodataset.org/train2017/000000267042.jpg,http://farm8.staticflickr.com/7103/7256788686_82a4abbe84_z.jpg,Attribution License,http://creativecommons.org/licenses/by/2.0/,1,2237.01,0.0005,47d664d41547c36a783a21ea8d536d7bab415023566f7e6a5b27ddbe15d97ce7
coco_train2017_000000391786.jpg,mouse_only,train2017,391786,http://images.cocodataset.org/train2017/000000391786.jpg,http://farm1.staticflickr.com/9/75333416_b0f9a6fd9e_z.jpg,Attribution-NonCommercial License,http://creativecommons.org/licenses/by-nc/2.0/,1,1411.75,0.0044,babae3c7542dbf0359806ed4217170fc70d5641309b61a5116cd2168163df8ed
coco_train2017_000000561729.jpg,mouse_only,train2017,561729,http://images.cocodataset.org/train2017/000000561729.jpg,http://farm9.staticflickr.com/8257/8654629316_df1cf3c04d_z.jpg,Attribution-NonCommercial License,http://creativecommons.org/licenses/by-nc/2.0/,1,291.45,0.0000,cebf4eae98092c0818929bbf12044a9df2ca132471d0ba7e88ae57d28c645f4a
coco_train2017_000000015552.jpg,mouse_only,train2017,15552,http://images.cocodataset.org/train2017/000000015552.jpg,http://farm5.staticflickr.com/4114/4856537511_98bca49d79_z.jpg,Attribution-NonCommercial-ShareAlike License,http://creativecommons.org/licenses/by-nc-sa/2.0/,1,1020.39,0.0001,ed25cd64c346033b6f905e63241b46f75d354689c305ea27f99af70b42d7b660
coco_train2017_000000068646.jpg,mouse_only,train2017,68646,http://images.cocodataset.org/train2017/000000068646.jpg,http://farm5.staticflickr.com/4095/4815844928_e219bf485c_z.jpg,Attribution-NonCommercial License,http://creativecommons.org/licenses/by-nc/2.0/,1,1754.65,0.0063,5e49c42351c81e3bfc49675841ce44bca486ecc22995e634bfc8689dde95c2d8
coco_train2017_000000555871.jpg,mouse_only,train2017,555871,http://images.cocodataset.org/train2017/000000555871.jpg,http://farm3.staticflickr.com/2360/2237324601_d288fa5631_z.jpg,Attribution-NonCommercial License,http://creativecommons.org/licenses/by-nc/2.0/,1,560.88,0.0200,d2e42d315ec678dcacf0d40c3c9833ad0101a3a6abd5ffb172742db4b39b53a2
coco_train2017_000000005589.jpg,mouse_only,train2017,5589,http://images.cocodataset.org/train2017/000000005589.jpg,http://farm1.staticflickr.com/38/75333344_320c9ae79e_z.jpg,Attribution-NonCommercial License,http://creativecommons.org/licenses/by-nc/2.0/,1,1962.45,0.0070,1c09da87fee1cb9a30288c885d5974283ad7abdf0cbaa0a96c8f48f30393dcfb
coco_train2017_000000160743.jpg,mouse_only,train2017,160743,http://images.cocodataset.org/train2017/000000160743.jpg,http://farm3.staticflickr.com/2261/2274764631_f7f659624f_z.jpg,Attribution-NonCommercial-ShareAlike License,http://creativecommons.org/licenses/by-nc-sa/2.0/,2,1112.14,0.0189,a0c924258779d2af098e4de0d6c8eaf68b6600d2917c57c0073ea433bf46d963
coco_train2017_000000018072.jpg,mouse_only,train2017,18072,http://images.cocodataset.org/train2017/000000018072.jpg,http://farm3.staticflickr.com/2334/2699838418_af2e01d60e_z.jpg,Attribution-NonCommercial-ShareAlike License,http://creativecommons.org/licenses/by-nc-sa/2.0/,1,254.90,0.0000,c5adedc65a50fdbf2d37e3c6018315b52b53fe1a1665660fb94c0069bace6909
coco_train2017_000000188311.jpg,mouse_only,train2017,188311,http://images.cocodataset.org/train2017/000000188311.jpg,http://farm4.staticflickr.com/3152/2673453577_b4afb43b2b_z.jpg,Attribution-NonCommercial-ShareAlike License,http://creativecommons.org/licenses/by-nc-sa/2.0/,6,1784.36,0.0107,a7a993232afb752209d97423ccc4884cfc47e7da1a5bcb05b8baf7631a36e3cf
coco_train2017_000000568982.jpg,mouse_only,train2017,568982,http://images.cocodataset.org/train2017/000000568982.jpg,http://farm1.staticflickr.com/23/27580576_e795ef3a36_z.jpg,Attribution-NonCommercial-ShareAlike License,http://creativecommons.org/licenses/by-nc-sa/2.0/,1,1780.00,0.0166,01228901ab62171227b83458c8492a10cfdc0d55a354981753e3bb6e7c57a907
coco_train2017_000000521514.jpg,mouse_only,train2017,521514,http://images.cocodataset.org/train2017/000000521514.jpg,http://farm4.staticflickr.com/3217/2911812987_0d60ff4d9c_z.jpg,Attribution License,http://creativecommons.org/licenses/by/2.0/,2,1696.83,0.0501,5a0f5d41e1214b8730e286ebfc926d7a67f5a1d7cee25ee61c525ba291339437
coco_train2017_000000174774.jpg,mouse_only,train2017,174774,http://images.cocodataset.org/train2017/000000174774.jpg,http://farm5.staticflickr.com/4040/4346100432_17bb736b45_z.jpg,Attribution-ShareAlike License,http://creativecommons.org/licenses/by-sa/2.0/,1,1065.44,0.0037,7fd162bb2a5b4d40df06ce678a5c9bdb17994badf09e2a6b454f6f27422e4bf5
coco_train2017_000000054052.jpg,mouse_only,train2017,54052,http://images.cocodataset.org/train2017/000000054052.jpg,http://farm1.staticflickr.com/122/305676354_f726f79ff4_z.jpg,Attribution License,http://creativecommons.org/licenses/by/2.0/,2,2564.65,0.0037,2e6a7589223a45209ce6b3ebea8ff47e32efdb549780749df3cd420298c9085b
coco_train2017_000000140999.jpg,mouse_only,train2017,140999,http://images.cocodataset.org/train2017/000000140999.jpg,http://farm2.staticflickr.com/1051/960085001_9da1ba7141_z.jpg,Attribution-ShareAlike License,http://creativecommons.org/licenses/by-sa/2.0/,2,3164.43,0.0001,e760900f9c531749b8418d74c03c9abe3f739ece036914985d9700b92c794404
coco_train2017_000000280873.jpg,mouse_only,train2017,280873,http://images.cocodataset.org/train2017/000000280873.jpg,http://farm3.staticflickr.com/2388/4512259629_a82ab16c67_z.jpg,Attribution-NonCommercial-ShareAlike License,http://creativecommons.org/licenses/by-nc-sa/2.0/,2,801.52,0.0342,28dc86de6ad72b482e787a025c26d0dd84e726c25ec0fdd8d1575755fdd8ae8b
coco_train2017_000000130786.jpg,mouse_only,train2017,130786,http://images.cocodataset.org/train2017/000000130786.jpg,http://farm4.staticflickr.com/3435/3769300426_dff77d0e11_z.jpg,Attribution License,http://creativecommons.org/licenses/by/2.0/,1,1307.08,0.0000,87dd6411282a8ace6579597e76499815afe9b49961a1bf595545d36962b38ea6
coco_train2017_000000420344.jpg,mouse_only,train2017,420344,http://images.cocodataset.org/train2017/000000420344.jpg,http://farm3.staticflickr.com/2196/2301381114_a1d4d1622c_z.jpg,Attribution-NonCommercial-ShareAlike License,http://creativecommons.org/licenses/by-nc-sa/2.0/,1,496.83,0.0005,4455645b4be3e46e8356836dc2a9225da6579e1665221a8c095e9a82b287b8e0
coco_train2017_000000253491.jpg,mouse_only,train2017,253491,http://images.cocodataset.org/train2017/000000253491.jpg,http://farm6.staticflickr.com/5201/5315909857_8d46c04bd6_z.jpg,Attribution-NonCommercial-ShareAlike License,http://creativecommons.org/licenses/by-nc-sa/2.0/,1,196.99,0.0012,493585292d7fedcb3d3108da7096481b53324985deb09236ed532b4c41110baa
coco_train2017_000000331162.jpg,mouse_only,train2017,331162,http://images.cocodataset.org/train2017/000000331162.jpg,http://farm2.staticflickr.com/1150/954529633_afd4fa16c1_z.jpg,Attribution License,http://creativecommons.org/licenses/by/2.0/,6,1754.24,0.0138,c07246a9d3cc33bf0ebd26b872f9227343b5793f6988f306bcd6841719b8c220
coco_train2017_000000477233.jpg,mouse_only,train2017,477233,http://images.cocodataset.org/train2017/000000477233.jpg,http://farm1.staticflickr.com/30/88377187_380ec6e0a3_z.jpg,Attribution-NonCommercial License,http://creativecommons.org/licenses/by-nc/2.0/,1,657.66,0.0117,85efaa382229ddd53aceb81aca519d665294dd2113d000815ae65ee562a2ad28
coco_train2017_000000305422.jpg,mouse_only,train2017,305422,http://images.cocodataset.org/train2017/000000305422.jpg,http://farm4.staticflickr.com/3373/4595092061_a30e7c529e_z.jpg,Attribution-NonCommercial License,http://creativecommons.org/licenses/by-nc/2.0/,1,1239.11,0.0371,943c921978282adb55b9e22d92c0bbb6ab17742fb73200b2a74caa3fd366b6b7
coco_train2017_000000242427.jpg,mouse_only,train2017,242427,http://images.cocodataset.org/train2017/000000242427.jpg,http://farm4.staticflickr.com/3112/3083319004_4393fd7f33_z.jpg,Attribution License,http://creativecommons.org/licenses/by/2.0/,6,1052.78,0.0353,dd34685359a9da4f75b5a5000984a0effa07401419787aa56e0b7ce2107e221a
coco_train2017_000000043227.jpg,mouse_only,train2017,43227,http://images.cocodataset.org/train2017/000000043227.jpg,http://farm3.staticflickr.com/2682/4492773854_025283a1de_z.jpg,Attribution-NonCommercial License,http://creativecommons.org/licenses/by-nc/2.0/,1,1149.39,0.0035,90be77e0ab0e7d7d06fbcd1f4e70e6282a548c88e7c79e87bd773d96deee7ee4
coco_train2017_000000177277.jpg,mouse_only,train2017,177277,http://images.cocodataset.org/train2017/000000177277.jpg,http://farm7.staticflickr.com/6235/6334910661_5dce13d430_z.jpg,Attribution License,http://creativecommons.org/licenses/by/2.0/,1,1069.75,0.0002,38576f975d16a5ab168b4bb406fab6aa7f2b81f337d11a072edf0347b694c932
coco_train2017_000000581744.jpg,mouse_only,train2017,581744,http://images.cocodataset.org/train2017/000000581744.jpg,http://farm5.staticflickr.com/4023/4485089965_3dcd771e37_z.jpg,Attribution License,http://creativecommons.org/licenses/by/2.0/,1,605.06,0.0140,00bfee04014293d79e3ce78cd867b4401b7a6c429db4be88548b10fde7509ae6
coco_train2017_000000085483.jpg,mouse_only,train2017,85483,http://images.cocodataset.org/train2017/000000085483.jpg,http://farm4.staticflickr.com/3013/2338065269_ec639c0387_z.jpg,Attribution-NonCommercial-ShareAlike License,http://creativecommons.org/licenses/by-nc-sa/2.0/,1,602.13,0.0338,8fe94cd1f47b8e24faa7e9c2e0b6aeb655ea6d9bc514a66eb3fffea2efc25ecb
coco_train2017_000000501278.jpg,mouse_only,train2017,501278,http://images.cocodataset.org/train2017/000000501278.jpg,http://farm7.staticflickr.com/6152/6168742842_574baf91a7_z.jpg,Attribution-NonCommercial-ShareAlike License,http://creativecommons.org/licenses/by-nc-sa/2.0/,1,3668.83,0.0003,f4cc2a5af6285978f3956f1bef3c0fb0fb8718a93306b824343e70083d0b5871
coco_val2017_000000348481.jpg,mouse_only,val2017,348481,http://images.cocodataset.org/val2017/000000348481.jpg,http://farm1.staticflickr.com/5/6621169_54503c0183_z.jpg,Attribution-NonCommercial-ShareAlike License,http://creativecommons.org/licenses/by-nc-sa/2.0/,1,2004.72,0.0005,7b4434ecb88a7379cd6d8327692ce2a1255100ef66bebd602b680e00b5a4206a
coco_train2017_000000316725.jpg,mouse_only,train2017,316725,http://images.cocodataset.org/train2017/000000316725.jpg,http://farm3.staticflickr.com/2180/2734889615_586dd31f72_z.jpg,Attribution-ShareAlike License,http://creativecommons.org/licenses/by-sa/2.0/,2,887.11,0.0764,a6e8caa2190ef11ee25db5056c9c9e18fa2cf5f522c35ebc399fe812d3afa159
coco_train2017_000000473491.jpg,mouse_only,train2017,473491,http://images.cocodataset.org/train2017/000000473491.jpg,http://farm5.staticflickr.com/4122/4897369993_dd11d3d7e9_z.jpg,Attribution-NonCommercial-ShareAlike License,http://creativecommons.org/licenses/by-nc-sa/2.0/,1,943.33,0.0037,459c75e09a7b74169b45f833f00e3c4821879f89d6d71118a73aea8c5d8bfd5b
coco_train2017_000000186685.jpg,mouse_only,train2017,186685,http://images.cocodataset.org/train2017/000000186685.jpg,http://farm5.staticflickr.com/4040/4545548738_62a73c37b5_z.jpg,Attribution-NonCommercial License,http://creativecommons.org/licenses/by-nc/2.0/,1,1081.82,0.0000,ad42be104cf1953993135b736e616f0add22d0e9d3d9497b43db06c79f9b44c8
coco_train2017_000000070932.jpg,mouse_only,train2017,70932,http://images.cocodataset.org/train2017/000000070932.jpg,http://farm9.staticflickr.com/8441/7944531818_6772000047_z.jpg,Attribution-NonCommercial-ShareAlike License,http://creativecommons.org/licenses/by-nc-sa/2.0/,1,1629.69,0.0000,e85c68fef1c25e8d3375622eec388a9492c10768eee309f8efd0bd24a408d8d5
coco_train2017_000000015197.jpg,mouse_only,train2017,15197,http://images.cocodataset.org/train2017/000000015197.jpg,http://farm4.staticflickr.com/3514/3777569746_6749c0bec6_z.jpg,Attribution-NonCommercial-ShareAlike License,http://creativecommons.org/licenses/by-nc-sa/2.0/,1,1536.79,0.0016,58809ea616784db534c5135f7c0ebea9165a7ba9e291065510f4d6b8dced29f9
coco_train2017_000000445323.jpg,mouse_only,train2017,445323,http://images.cocodataset.org/train2017/000000445323.jpg,http://farm8.staticflickr.com/7041/7017611799_88fc00eefb_z.jpg,Attribution License,http://creativecommons.org/licenses/by/2.0/,1,1864.94,0.0338,8fdb1e4ffdf12f70cd0359b9678268b5583c4d906d97c4261a4daa5994542d36
coco_train2017_000000510581.jpg,mouse_only,train2017,510581,http://images.cocodataset.org/train2017/000000510581.jpg,http://farm3.staticflickr.com/2045/2464203069_362dc6e67d_z.jpg,Attribution-NonCommercial-ShareAlike License,http://creativecommons.org/licenses/by-nc-sa/2.0/,1,472.21,0.0408,d24f75e0c1fe42fd0bdb26722b19d4a87ffdfc7f98ddcd77e24e1a9e71fe714b
coco_train2017_000000530706.jpg,mouse_only,train2017,530706,http://images.cocodataset.org/train2017/000000530706.jpg,http://farm5.staticflickr.com/4093/4933514274_3052c04e7d_z.jpg,Attribution-ShareAlike License,http://creativecommons.org/licenses/by-sa/2.0/,5,1179.24,0.0001,19f6e951794349b621918df1b714d7638df8151e5ad485b643b329c1c05dcfbe
coco_train2017_000000291091.jpg,mouse_only,train2017,291091,http://images.cocodataset.org/train2017/000000291091.jpg,http://farm4.staticflickr.com/3117/3148794093_bef0f7bafc_z.jpg,Attribution-NonCommercial-ShareAlike License,http://creativecommons.org/licenses/by-nc-sa/2.0/,1,1067.92,0.0095,8da545ff88ea16c28d4aea27706ba8f359500cb7020b718f378c915256a7fcbe
coco_train2017_000000506803.jpg,mouse_only,train2017,506803,http://images.cocodataset.org/train2017/000000506803.jpg,http://farm5.staticflickr.com/4152/5061485279_6d2ba15632_z.jpg,Attribution-ShareAlike License,http://creativecommons.org/licenses/by-sa/2.0/,2,910.99,0.0587,7841ef8c5b7ddd2fc27c3fccfaa1fcb6560d0b254504228b0d8fe27980afe61e
coco_train2017_000000406362.jpg,mouse_only,train2017,406362,http://images.cocodataset.org/train2017/000000406362.jpg,http://farm9.staticflickr.com/8229/8491436049_6602c9c2b4_z.jpg,Attribution-NonCommercial-ShareAlike License,http://creativecommons.org/licenses/by-nc-sa/2.0/,2,1052.51,0.0000,3659fd36c0988c88c73cd46a93f29ce07ad9b4a5a5aac90d3ec8c9cc6a7fbece
coco_train2017_000000096757.jpg,mouse_only,train2017,96757,http://images.cocodataset.org/train2017/000000096757.jpg,http://farm5.staticflickr.com/4006/4694792635_1b1eb3faf9_z.jpg,Attribution-ShareAlike License,http://creativecommons.org/licenses/by-sa/2.0/,1,788.13,0.0004,cdcfbb82020d619e871bfb93ca03488a3535e4cec8075fa2c56efefbf4568bbc
coco_train2017_000000290177.jpg,mouse_only,train2017,290177,http://images.cocodataset.org/train2017/000000290177.jpg,http://farm8.staticflickr.com/7171/6652188357_887c8caa81_z.jpg,Attribution-NonCommercial License,http://creativecommons.org/licenses/by-nc/2.0/,1,453.23,0.0046,48ffb0a737f697d18c5f5d87999c559f9da0d5537e4a274089b6ee6a82088d48
coco_train2017_000000216437.jpg,mouse_only,train2017,216437,http://images.cocodataset.org/train2017/000000216437.jpg,http://farm3.staticflickr.com/2384/2230072073_9224b85877_z.jpg,Attribution-ShareAlike License,http://creativecommons.org/licenses/by-sa/2.0/,2,2081.89,0.0000,421e385bc6d473342ad0837fd8b22d71265f2b9c53bf108de16032fbb093fdb2
coco_train2017_000000087871.jpg,mouse_only,train2017,87871,http://images.cocodataset.org/train2017/000000087871.jpg,http://farm1.staticflickr.com/1/588409_df0d5f1b0b_z.jpg,Attribution-NonCommercial License,http://creativecommons.org/licenses/by-nc/2.0/,1,1694.83,0.0019,0deb053bff2df39b1476e69200686152209aab33d1ae19f76c950ae405cc883f
coco_train2017_000000343225.jpg,mouse_only,train2017,343225,http://images.cocodataset.org/train2017/000000343225.jpg,http://farm1.staticflickr.com/23/25110905_b836feb752_z.jpg,Attribution License,http://creativecommons.org/licenses/by/2.0/,1,2448.97,0.0018,10787333b22d7d4ae5ca38293fea9501f0be13d14aa9c983fd1f6b753195a372
coco_train2017_000000270096.jpg,mouse_only,train2017,270096,http://images.cocodataset.org/train2017/000000270096.jpg,http://farm4.staticflickr.com/3333/3171161577_eac2b9a56f_z.jpg,Attribution-ShareAlike License,http://creativecommons.org/licenses/by-sa/2.0/,1,3014.86,0.0363,38e1c8777dda427466df9f1e69655c455294c7b08e55e0be8fb712f82b401f75
coco_train2017_000000092480.jpg,mouse_only,train2017,92480,http://images.cocodataset.org/train2017/000000092480.jpg,http://farm4.staticflickr.com/3307/3591740800_32ced82cd9_z.jpg,Attribution-NonCommercial License,http://creativecommons.org/licenses/by-nc/2.0/,1,1021.25,0.0961,f23be36d29078d468236083aaba9e2810664ff35ac02616d59d05c24025dc2bd
coco_train2017_000000402779.jpg,mouse_only,train2017,402779,http://images.cocodataset.org/train2017/000000402779.jpg,http://farm5.staticflickr.com/4061/4289787718_716e138536_z.jpg,Attribution-NonCommercial-ShareAlike License,http://creativecommons.org/licenses/by-nc-sa/2.0/,1,1941.67,0.0004,8fc78e30b96758c7a2e313141fc1e9f7cf912f1bc2154c87a28314609d5c192b
coco_train2017_000000281208.jpg,mouse_only,train2017,281208,http://images.cocodataset.org/train2017/000000281208.jpg,http://farm1.staticflickr.com/16/19684601_1dbcefaa1f_z.jpg,Attribution-NonCommercial-ShareAlike License,http://creativecommons.org/licenses/by-nc-sa/2.0/,1,1416.96,0.0002,56beea0df3ed3064a72ea72139cef3d1cefab9620af58fc0e8520bc492161527
coco_train2017_000000432212.jpg,mouse_only,train2017,432212,http://images.cocodataset.org/train2017/000000432212.jpg,http://farm1.staticflickr.com/35/73902267_c4d295f76d_z.jpg,Attribution-NonCommercial-ShareAlike License,http://creativecommons.org/licenses/by-nc-sa/2.0/,1,1356.37,0.0000,84a17d5f4ce05120c1e546cf55e00cb632f6dc67aa54d9d77a5a31a84229afc1
coco_train2017_000000516008.jpg,mouse_only,train2017,516008,http://images.cocodataset.org/train2017/000000516008.jpg,http://farm8.staticflickr.com/7190/6982311426_84d0a1f396_z.jpg,Attribution License,http://creativecommons.org/licenses/by/2.0/,1,1172.80,0.0159,a20f20c306d8423f0d94d890563fdc54c1a91452022c9d88e0ea62c944db0b18
coco_train2017_000000569272.jpg,mouse_only,train2017,569272,http://images.cocodataset.org/train2017/000000569272.jpg,http://farm4.staticflickr.com/3278/2483914764_e59935f0d2_z.jpg,Attribution-ShareAlike License,http://creativecommons.org/licenses/by-sa/2.0/,1,2495.26,0.0380,c8704c61a9e5b1b936eeb42a7b94378036b326157d1e4ddd33e6790f2eb87d00
coco_train2017_000000359772.jpg,mouse_only,train2017,359772,http://images.cocodataset.org/train2017/000000359772.jpg,http://farm1.staticflickr.com/30/62156477_80002a09f2_z.jpg,Attribution-NonCommercial-ShareAlike License,http://creativecommons.org/licenses/by-nc-sa/2.0/,2,2453.50,0.0035,8730ad8c8155e3b79ed41c9e35fc3f8a4e5abf66d22dcd6dab7c021c8109bb3e
coco_train2017_000000478885.jpg,mouse_only,train2017,478885,http://images.cocodataset.org/train2017/000000478885.jpg,http://farm1.staticflickr.com/69/194656854_a94d1dbc4b_z.jpg,Attribution-NonCommercial-ShareAlike License,http://creativecommons.org/licenses/by-nc-sa/2.0/,3,1502.29,0.0000,324aa70b7fef3e8b860ee80b6f49537ded4901729fde78908ce370bf0689f9bb
coco_train2017_000000379310.jpg,mouse_only,train2017,379310,http://images.cocodataset.org/train2017/000000379310.jpg,http://farm3.staticflickr.com/2153/1604081016_61dfd694c9_z.jpg,Attribution-NonCommercial-ShareAlike License,http://creativecommons.org/licenses/by-nc-sa/2.0/,1,2461.11,0.0398,ac71a328baf28ea1a26511b8394dd98873dd8a97f80e258a02d1695ab51c5467
coco_train2017_000000015165.jpg,mouse_only,train2017,15165,http://images.cocodataset.org/train2017/000000015165.jpg,http://farm1.staticflickr.com/53/153000397_650065e177_z.jpg,Attribution-NonCommercial License,http://creativecommons.org/licenses/by-nc/2.0/,2,1647.46,0.0034,7ed845f23920c9384586881a0bb970da0024c90bff8902fea9db187c18bb7f2a
coco_val2017_000000046031.jpg,mouse_only,val2017,46031,http://images.cocodataset.org/val2017/000000046031.jpg,http://farm3.staticflickr.com/2535/5770785368_498d2c0f00_z.jpg,Attribution-NonCommercial-ShareAlike License,http://creativecommons.org/licenses/by-nc-sa/2.0/,2,2612.47,0.0886,1f9fdd33f7fef7edf43716034335384a6c33fc032d3ca5984eec495346be828c
coco_train2017_000000298459.jpg,mouse_only,train2017,298459,http://images.cocodataset.org/train2017/000000298459.jpg,http://farm3.staticflickr.com/2685/4474806416_009790231b_z.jpg,Attribution-NonCommercial-ShareAlike License,http://creativecommons.org/licenses/by-nc-sa/2.0/,1,344.40,0.0442,2f98762414189ebd6b293c5cc8ddcc6ff2e1823fa6cf8e3642b39fe7cfb8e01a
coco_train2017_000000404350.jpg,mouse_only,train2017,404350,http://images.cocodataset.org/train2017/000000404350.jpg,http://farm3.staticflickr.com/2446/3896529914_8ed5dd8fd7_z.jpg,Attribution License,http://creativecommons.org/licenses/by/2.0/,1,1069.24,0.0385,7d722e125fb981c9d3592b5cb43d9110da7fdc90c6fa549d3e1d13174536d7d9
coco_train2017_000000559427.jpg,mouse_only,train2017,559427,http://images.cocodataset.org/train2017/000000559427.jpg,http://farm1.staticflickr.com/54/113766905_c1c2dcbb18_z.jpg,Attribution-NonCommercial-ShareAlike License,http://creativecommons.org/licenses/by-nc-sa/2.0/,1,1734.54,0.0988,0195ee73cc5230935560d66287c9ad7d07f5532b818cc2304048d963c721367f
coco_train2017_000000432258.jpg,mouse_only,train2017,432258,http://images.cocodataset.org/train2017/000000432258.jpg,http://farm1.staticflickr.com/23/28294573_462a5de271_z.jpg,Attribution-NonCommercial-ShareAlike License,http://creativecommons.org/licenses/by-nc-sa/2.0/,1,2241.36,0.0000,1a915528cea5a126408addff37ce7f0515ffaecc3a9972e1eae7a40f39b6db25
coco_train2017_000000537337.jpg,mouse_only,train2017,537337,http://images.cocodataset.org/train2017/000000537337.jpg,http://farm1.staticflickr.com/43/97843490_c1fa85fa9d_z.jpg,Attribution-NonCommercial-ShareAlike License,http://creativecommons.org/licenses/by-nc-sa/2.0/,1,1811.30,0.0307,20d78c30ed627a93e369e72ee625e3d75a26e584f59fa1a7a6d82e29118022c6
coco_train2017_000000260360.jpg,mouse_only,train2017,260360,http://images.cocodataset.org/train2017/000000260360.jpg,http://farm8.staticflickr.com/7340/9053797585_48df00a451_z.jpg,Attribution-NonCommercial-ShareAlike License,http://creativecommons.org/licenses/by-nc-sa/2.0/,3,2466.20,0.0008,e6f496408b03f8a4fcf981b4c27cdf31b80ee396568fc0bfc9bc3a4f5bd52ed7
coco_train2017_000000519723.jpg,mouse_only,train2017,519723,http://images.cocodataset.org/train2017/000000519723.jpg,http://farm6.staticflickr.com/5049/5356494605_9148415f09_z.jpg,Attribution-NonCommercial License,http://creativecommons.org/licenses/by-nc/2.0/,4,1013.55,0.0000,577166b885deca6ccc4090fbf5db309a209a5c4f0ef309921af0a28e54f598a3
coco_val2017_000000059598.jpg,mouse_only,val2017,59598,http://images.cocodataset.org/val2017/000000059598.jpg,http://farm3.staticflickr.com/2318/2204220668_acb3c4b8a3_z.jpg,Attribution-NonCommercial License,http://creativecommons.org/licenses/by-nc/2.0/,1,1568.79,0.0034,3706b765e0214f3a3b3c62dd0dec65aba7a2436fcea1c38511bc232161ed3cf5
coco_train2017_000000384261.jpg,mouse_only,train2017,384261,http://images.cocodataset.org/train2017/000000384261.jpg,http://farm1.staticflickr.com/47/107504399_57dcd8f9ac_z.jpg,Attribution License,http://creativecommons.org/licenses/by/2.0/,1,1667.69,0.0114,46654780dcf53a02367eb2a961c9212ceabd6188160fc90cda9fc688c8603eba
coco_val2017_000000371677.jpg,mouse_only,val2017,371677,http://images.cocodataset.org/val2017/000000371677.jpg,http://farm4.staticflickr.com/3596/3462811561_4af8a2ecff_z.jpg,Attribution-ShareAlike License,http://creativecommons.org/licenses/by-sa/2.0/,2,726.11,0.0047,8db67d13aac1ef8f1a6c24fa7a542c794c4155343f0b9f8a9527dc4ffa9a405a
coco_val2017_000000215778.jpg,mouse_only,val2017,215778,http://images.cocodataset.org/val2017/000000215778.jpg,http://farm3.staticflickr.com/2550/3728951244_f7df6b91ba_z.jpg,Attribution-ShareAlike License,http://creativecommons.org/licenses/by-sa/2.0/,1,3034.67,0.0104,37486e1ac89a7860c4721892f3b56d8acde342a62dd211eba10a3128a9c1655c
coco_train2017_000000146504.jpg,mouse_only,train2017,146504,http://images.cocodataset.org/train2017/000000146504.jpg,http://farm9.staticflickr.com/8067/8277596201_98a02b0b28_z.jpg,Attribution-NonCommercial-ShareAlike License,http://creativecommons.org/licenses/by-nc-sa/2.0/,1,238.66,0.0000,7a595b3dc302a3752d2fdabee1aaf0294ec3485ae7188a4785876104d3e0f66b
coco_train2017_000000388412.jpg,mouse_only,train2017,388412,http://images.cocodataset.org/train2017/000000388412.jpg,http://farm1.staticflickr.com/42/109689136_d2df49ed06_z.jpg,Attribution-NonCommercial License,http://creativecommons.org/licenses/by-nc/2.0/,2,1685.17,0.0245,8dd61e55aaf71610fdee6cddf7567a29a31e2dfa6471c16e399bc2b73810e8ca
coco_train2017_000000493504.jpg,mouse_only,train2017,493504,http://images.cocodataset.org/train2017/000000493504.jpg,http://farm1.staticflickr.com/37/87121870_2061652286_z.jpg,Attribution License,http://creativecommons.org/licenses/by/2.0/,2,973.55,0.0000,861c6414143431c385821917fca0a5c0e52e64f9fdce66bb7f74098e3d244c49
coco_train2017_000000170917.jpg,mouse_only,train2017,170917,http://images.cocodataset.org/train2017/000000170917.jpg,http://farm1.staticflickr.com/199/459000981_8d3b668bec_z.jpg,Attribution-ShareAlike License,http://creativecommons.org/licenses/by-sa/2.0/,1,1736.34,0.0000,1000c9f5de7dffdb6fcd5eea7b9b3e1f6abc8a0d3b1d5c468521da1107d9a72c
coco_train2017_000000224056.jpg,mouse_only,train2017,224056,http://images.cocodataset.org/train2017/000000224056.jpg,http://farm1.staticflickr.com/55/128054165_c0d73c4bc6_z.jpg,Attribution-NonCommercial License,http://creativecommons.org/licenses/by-nc/2.0/,1,2363.86,0.0415,5fed91e24660551612ec1c04a0a0f9702caf14b1167c5750e4cc513b17bd21bc
coco_train2017_000000262059.jpg,mouse_only,train2017,262059,http://images.cocodataset.org/train2017/000000262059.jpg,http://farm1.staticflickr.com/138/344745020_bca15c0135_z.jpg,Attribution-NonCommercial-ShareAlike License,http://creativecommons.org/licenses/by-nc-sa/2.0/,1,823.41,0.0957,5aec67c19b3344ce3be8a6614d074a46bdc3f697fcc49350a8bf28caded045dd
coco_train2017_000000440964.jpg,mouse_only,train2017,440964,http://images.cocodataset.org/train2017/000000440964.jpg,http://farm3.staticflickr.com/2253/2149718769_ff6b1281b8_z.jpg,Attribution-NonCommercial License,http://creativecommons.org/licenses/by-nc/2.0/,1,1028.50,0.0077,5f11fd509a394412131117c814561290683eb75c7ffee64045cdca214a52612c
coco_train2017_000000189813.jpg,mouse_only,train2017,189813,http://images.cocodataset.org/train2017/000000189813.jpg,http://farm5.staticflickr.com/4142/4789948620_5f520f0ee1_z.jpg,Attribution-NonCommercial License,http://creativecommons.org/licenses/by-nc/2.0/,1,1240.10,0.1083,e529a6faa2817c7ea9ec9249fd749a51dcede28fdc553d4f6fbe4f2e6abbcc09
coco_train2017_000000232376.jpg,mouse_only,train2017,232376,http://images.cocodataset.org/train2017/000000232376.jpg,http://farm3.staticflickr.com/2107/2129059387_655a9fe8d2_z.jpg,Attribution-NonCommercial-ShareAlike License,http://creativecommons.org/licenses/by-nc-sa/2.0/,2,814.80,0.0267,c99d21f72516036e7f23d49e61c027913d612e157cceb9511d3d8733f161ae68
coco_train2017_000000530097.jpg,mouse_only,train2017,530097,http://images.cocodataset.org/train2017/000000530097.jpg,http://farm5.staticflickr.com/4151/5184599148_c19015c20c_z.jpg,Attribution License,http://creativecommons.org/licenses/by/2.0/,2,1214.44,0.0012,1efb869439984dad1016e5816644e4f6fbec127b87bd02a67cccc61d0fb6d347
coco_train2017_000000318346.jpg,mouse_only,train2017,318346,http://images.cocodataset.org/train2017/000000318346.jpg,http://farm7.staticflickr.com/6209/6052638447_36c6dedf3a_z.jpg,Attribution-NonCommercial-ShareAlike License,http://creativecommons.org/licenses/by-nc-sa/2.0/,1,999.39,0.0099,9b22bf90b3f03dfa1b7b12eaf4213780f2cadff00c39653088d5a9ad10076f51
coco_train2017_000000498690.jpg,mouse_only,train2017,498690,http://images.cocodataset.org/train2017/000000498690.jpg,http://farm1.staticflickr.com/58/230895015_40719aa143_z.jpg,Attribution-ShareAlike License,http://creativecommons.org/licenses/by-sa/2.0/,1,2390.86,0.0000,6cf68504a5a2a35c3f51a16276fa042e5a412a212c9abada2c862c92a872ab73
coco_train2017_000000097696.jpg,mouse_only,train2017,97696,http://images.cocodataset.org/train2017/000000097696.jpg,http://farm3.staticflickr.com/2102/2167848169_3339c3d042_z.jpg,Attribution-ShareAlike License,http://creativecommons.org/licenses/by-sa/2.0/,1,647.93,0.0002,b219574b8343dede5201b50d3c170188f84ff8976b7c9f19052ca402bd8841bc
coco_train2017_000000136559.jpg,mouse_only,train2017,136559,http://images.cocodataset.org/train2017/000000136559.jpg,http://farm2.staticflickr.com/1137/1350500398_d5d9c2e844_z.jpg,Attribution-NonCommercial License,http://creativecommons.org/licenses/by-nc/2.0/,1,627.49,0.0493,7b9f914d12602871288138377ee56fb5246835b67c8f7b69d78c1ea251510642
coco_train2017_000000163829.jpg,mouse_only,train2017,163829,http://images.cocodataset.org/train2017/000000163829.jpg,http://farm4.staticflickr.com/3284/2962934982_9355c61abe_z.jpg,Attribution-NonCommercial-ShareAlike License,http://creativecommons.org/licenses/by-nc-sa/2.0/,1,1900.25,0.0005,c4cf709d730d89858a97d31cc3a77568373d81e33b2770c5236442a73962531c
coco_train2017_000000375509.jpg,mouse_only,train2017,375509,http://images.cocodataset.org/train2017/000000375509.jpg,http://farm4.staticflickr.com/3042/2966995371_114919cc03_z.jpg,Attribution License,http://creativecommons.org/licenses/by/2.0/,1,1050.24,0.0187,d9d9c0148b60b2b4d238fff1f769048c0503b2240301b7d97f70bff8d87d380e
coco_train2017_000000060706.jpg,mouse_only,train2017,60706,http://images.cocodataset.org/train2017/000000060706.jpg,http://farm3.staticflickr.com/2038/2075585959_a448571920_z.jpg,Attribution-NonCommercial-ShareAlike License,http://creativecommons.org/licenses/by-nc-sa/2.0/,2,1002.99,0.0000,4e8d020d85ec91791341d215ffbc27714ce21033775e251ee640993d0d2d8bdc
coco_train2017_000000423744.jpg,mouse_only,train2017,423744,http://images.cocodataset.org/train2017/000000423744.jpg,http://farm6.staticflickr.com/5262/5560517176_8bbbb18ff8_z.jpg,Attribution-NonCommercial-ShareAlike License,http://creativecommons.org/licenses/by-nc-sa/2.0/,1,2959.97,0.0674,df367f2bf4719db14f700a87e21126330167af05e8e4b54675a27eaddae286dd
coco_train2017_000000283697.jpg,mouse_only,train2017,283697,http://images.cocodataset.org/train2017/000000283697.jpg,http://farm4.staticflickr.com/3258/3100532323_3cc0e11e64_z.jpg,Attribution-NonCommercial-ShareAlike License,http://creativecommons.org/licenses/by-nc-sa/2.0/,1,2250.20,0.0909,1d1f797e901c7673e00aa1af55db630542e8da33eadaf4a4cdd2a86b3cbf1798
coco_train2017_000000125773.jpg,mouse_only,train2017,125773,http://images.cocodataset.org/train2017/000000125773.jpg,http://farm6.staticflickr.com/5017/5533266982_d3f676b8a4_z.jpg,Attribution-NonCommercial-ShareAlike License,http://creativecommons.org/licenses/by-nc-sa/2.0/,1,1974.88,0.0172,5998c4e27577af2fc4f8ec0ed270f8ba7b70451c2c7d2f19f1d875361c95c025
coco_train2017_000000038686.jpg,mouse_only,train2017,38686,http://images.cocodataset.org/train2017/000000038686.jpg,http://farm4.staticflickr.com/3618/3609801758_b8632183be_z.jpg,Attribution-NonCommercial-ShareAlike License,http://creativecommons.org/licenses/by-nc-sa/2.0/,1,1416.64,0.0054,73e7b48367b3cfcd42fba1e527b23ce030c056cbb5ed695759c7ab3130b94092
coco_train2017_000000096832.jpg,mouse_only,train2017,96832,http://images.cocodataset.org/train2017/000000096832.jpg,http://farm4.staticflickr.com/3199/3057510818_f2f88cc99e_z.jpg,Attribution-NonCommercial-ShareAlike License,http://creativecommons.org/licenses/by-nc-sa/2.0/,2,1590.12,0.0000,7be37c1090558ecc5571019be97e96ad9bd2f8bccb142260008d9986ad7370a9
coco_train2017_000000234475.jpg,mouse_only,train2017,234475,http://images.cocodataset.org/train2017/000000234475.jpg,http://farm4.staticflickr.com/3122/2893240413_e2c4519d5d_z.jpg,Attribution-NonCommercial License,http://creativecommons.org/licenses/by-nc/2.0/,1,1117.42,0.0282,b91a90c79cec49612cfaf4dda5b55e4b112f520b0469c9346986d361e882d0c5
coco_train2017_000000450777.jpg,mouse_only,train2017,450777,http://images.cocodataset.org/train2017/000000450777.jpg,http://farm4.staticflickr.com/3090/2582427976_69c038fed2_z.jpg,Attribution-NonCommercial-ShareAlike License,http://creativecommons.org/licenses/by-nc-sa/2.0/,1,2444.30,0.0368,731336890acf6f7005264748dd7946eb05c1632a4cbe1462903df4b391a41132
coco_train2017_000000339938.jpg,mouse_only,train2017,339938,http://images.cocodataset.org/train2017/000000339938.jpg,http://farm3.staticflickr.com/2042/2184093829_893fc8773c_z.jpg,Attribution-NonCommercial-ShareAlike License,http://creativecommons.org/licenses/by-nc-sa/2.0/,1,2270.37,0.0112,15d3b7b772f4ef7b7ee9810bc54b81f349fe4036ad55e29b1358114602bd93cd
coco_train2017_000000281351.jpg,mouse_only,train2017,281351,http://images.cocodataset.org/train2017/000000281351.jpg,http://farm3.staticflickr.com/2349/2178169496_0ccafd9858_z.jpg,Attribution-NonCommercial-ShareAlike License,http://creativecommons.org/licenses/by-nc-sa/2.0/,1,470.92,0.0000,a4a59e32ed8fe01e4b55e480427a8efb45aa12b9f346731cb9346588049a7fbf
coco_train2017_000000349234.jpg,mouse_only,train2017,349234,http://images.cocodataset.org/train2017/000000349234.jpg,http://farm3.staticflickr.com/2288/5791453666_f4bdfd29e5_z.jpg,Attribution License,http://creativecommons.org/licenses/by/2.0/,1,1183.44,0.0000,b84d9c474623a2e08ac1baba11d340a49422f064d19f51f8ab5caaf2e20b4a8f
coco_train2017_000000422261.jpg,mouse_only,train2017,422261,http://images.cocodataset.org/train2017/000000422261.jpg,http://farm3.staticflickr.com/2040/2660765934_5224d8d6aa_z.jpg,Attribution-NonCommercial-ShareAlike License,http://creativecommons.org/licenses/by-nc-sa/2.0/,1,1459.93,0.0000,b9f086ee1a5b8671025b98e50485559c3a79457d058deeccfadd122f52520379
coco_train2017_000000453801.jpg,mouse_only,train2017,453801,http://images.cocodataset.org/train2017/000000453801.jpg,http://farm3.staticflickr.com/2716/4026904896_a18e76f112_z.jpg,Attribution-NonCommercial License,http://creativecommons.org/licenses/by-nc/2.0/,1,1946.89,0.0214,6d521323ba89ad67e6fe085a41afb97b3b0dbd01306e5666c71fb6b0f296531d
coco_train2017_000000380128.jpg,mouse_only,train2017,380128,http://images.cocodataset.org/train2017/000000380128.jpg,http://farm3.staticflickr.com/2490/4213004816_8c0a28e96e_z.jpg,Attribution License,http://creativecommons.org/licenses/by/2.0/,1,1292.35,0.0659,bb0c8ca60c7da647f26fdff2e6cfc619853b5703d2ffee42cbaf751c9af23989
coco_train2017_000000225352.jpg,mouse_only,train2017,225352,http://images.cocodataset.org/train2017/000000225352.jpg,http://farm8.staticflickr.com/7362/10067096836_05889fd6e8_z.jpg,Attribution-NonCommercial-ShareAlike License,http://creativecommons.org/licenses/by-nc-sa/2.0/,1,2085.25,0.0137,3cdf276c31b21519043cad82e0cfc81c35061f057395a7d007f689a45d0d4163
coco_train2017_000000347055.jpg,mouse_only,train2017,347055,http://images.cocodataset.org/train2017/000000347055.jpg,http://farm3.staticflickr.com/2498/4050289522_97522cdd9e_z.jpg,Attribution-NonCommercial License,http://creativecommons.org/licenses/by-nc/2.0/,1,983.23,0.0001,0ca2fd61cae378525914efe996c2b63deeeecadcd6cfe2ff72e99963fdee27de
coco_train2017_000000064684.jpg,mouse_only,train2017,64684,http://images.cocodataset.org/train2017/000000064684.jpg,http://farm5.staticflickr.com/4045/4520577060_4ca84cccde_z.jpg,Attribution-NonCommercial-ShareAlike License,http://creativecommons.org/licenses/by-nc-sa/2.0/,2,1455.16,0.0158,e4743855b3b920cb85aa7dfbdea92b83ba4ce92b5398173af662944d3edda7ee
coco_train2017_000000389667.jpg,mouse_only,train2017,389667,http://images.cocodataset.org/train2017/000000389667.jpg,http://farm4.staticflickr.com/3540/3374498887_868e3ffd40_z.jpg,Attribution License,http://creativecommons.org/licenses/by/2.0/,1,2018.65,0.0000,ce817651cde9c30b72a7298adfb3cfe844c1cbadb8a2e149844e784105108b95
coco_train2017_000000351253.jpg,mouse_only,train2017,351253,http://images.cocodataset.org/train2017/000000351253.jpg,http://farm2.staticflickr.com/1197/848861579_1903be6949_z.jpg,Attribution-ShareAlike License,http://creativecommons.org/licenses/by-sa/2.0/,1,513.56,0.0000,25c8ec939c05f59cefe74ce67b03b70179161c68277525b222819bdcda3d45f0
coco_train2017_000000190667.jpg,mouse_only,train2017,190667,http://images.cocodataset.org/train2017/000000190667.jpg,http://farm1.staticflickr.com/25/42358036_794c64c287_z.jpg,Attribution-ShareAlike License,http://creativecommons.org/licenses/by-sa/2.0/,1,1737.25,0.0859,45fa19a727c582d8413b88a9cd7f74d17f3357c5fd194cda83cb13a1f5590015
coco_train2017_000000151900.jpg,mouse_only,train2017,151900,http://images.cocodataset.org/train2017/000000151900.jpg,http://farm4.staticflickr.com/3249/2725058132_c72c1f353c_z.jpg,Attribution-NonCommercial-ShareAlike License,http://creativecommons.org/licenses/by-nc-sa/2.0/,1,2122.24,0.0013,0cd8046d17d6fff705adffc85cd8be47386400bdbdae040b7a6d85c61eb83c71
coco_train2017_000000332836.jpg,mouse_only,train2017,332836,http://images.cocodataset.org/train2017/000000332836.jpg,http://farm6.staticflickr.com/5212/5533872159_731c287a43_z.jpg,Attribution-ShareAlike License,http://creativecommons.org/licenses/by-sa/2.0/,3,2408.95,0.0970,63681eba1d1246c0c5fe9e68027c41eb70c382fe2ec36cc04ab592cab527d258
coco_train2017_000000391794.jpg,mouse_only,train2017,391794,http://images.cocodataset.org/train2017/000000391794.jpg,http://farm5.staticflickr.com/4106/5067049463_17ff213422_z.jpg,Attribution-ShareAlike License,http://creativecommons.org/licenses/by-sa/2.0/,2,6268.50,0.0016,95bd64bfb007cf0eea3ceb744798387b1eb1af7a10844b09efda6c21fc9ace4b
coco_train2017_000000429793.jpg,mouse_only,train2017,429793,http://images.cocodataset.org/train2017/000000429793.jpg,http://farm1.staticflickr.com/10/14012870_04e2895dd9_z.jpg,Attribution-NonCommercial-ShareAlike License,http://creativecommons.org/licenses/by-nc-sa/2.0/,1,2928.60,0.0032,6a800a943aa825807bd948be67bc9b45b6037c3fe011c7b572bd9d4d192eb5fb
coco_train2017_000000561479.jpg,mouse_only,train2017,561479,http://images.cocodataset.org/train2017/000000561479.jpg,http://farm1.staticflickr.com/75/194657320_4453308dae_z.jpg,Attribution-NonCommercial-ShareAlike License,http://creativecommons.org/licenses/by-nc-sa/2.0/,2,1750.79,0.0001,209e08cb1c6c9084349785c3fb6a152ab38e531a485332e4c2b5db783604611f
coco_train2017_000000578295.jpg,mouse_only,train2017,578295,http://images.cocodataset.org/train2017/000000578295.jpg,http://farm7.staticflickr.com/6019/6220434400_62e57dd879_z.jpg,Attribution License,http://creativecommons.org/licenses/by/2.0/,1,1460.41,0.0211,ee71a9245e798c612174ecb5260fb1c5c7add1798d2e00cf251b2acab601b954
coco_train2017_000000578861.jpg,mouse_only,train2017,578861,http://images.cocodataset.org/train2017/000000578861.jpg,http://farm3.staticflickr.com/2893/9010762235_2fe161e5f4_z.jpg,Attribution-NonCommercial-ShareAlike License,http://creativecommons.org/licenses/by-nc-sa/2.0/,1,2084.51,0.0208,6b1571a17597cda07ba02e2883834e67949687b12bf36875580516a89ce0f791
coco_val2017_000000225757.jpg,mouse_only,val2017,225757,http://images.cocodataset.org/val2017/000000225757.jpg,http://farm1.staticflickr.com/55/169097150_692db28c2d_z.jpg,Attribution-NonCommercial-ShareAlike License,http://creativecommons.org/licenses/by-nc-sa/2.0/,1,1805.20,0.0000,4773e48bb6cf0f86aa759fc0e1a2def1decc9a10755299228442236c2a129fb0
coco_train2017_000000260311.jpg,mouse_only,train2017,260311,http://images.cocodataset.org/train2017/000000260311.jpg,http://farm1.staticflickr.com/59/177750672_228ae2450a_z.jpg,Attribution-NonCommercial License,http://creativecommons.org/licenses/by-nc/2.0/,1,1527.71,0.0000,2c1a5bc51e4aeee735237136786c86f0068f9d4512936829d6d5514c4154609e
coco_train2017_000000294549.jpg,mouse_only,train2017,294549,http://images.cocodataset.org/train2017/000000294549.jpg,http://farm5.staticflickr.com/4100/4789948292_5918de6f2f_z.jpg,Attribution-NonCommercial License,http://creativecommons.org/licenses/by-nc/2.0/,1,1241.01,0.1088,12505238e7a17f2cbdc497cd6e7542435ba7bb5c2cf8bca5327f91bf9385121e
coco_train2017_000000029891.jpg,mouse_only,train2017,29891,http://images.cocodataset.org/train2017/000000029891.jpg,http://farm4.staticflickr.com/3135/3073968607_17f17ee925_z.jpg,Attribution-NonCommercial-ShareAlike License,http://creativecommons.org/licenses/by-nc-sa/2.0/,1,1038.16,0.0511,ea441c2977016e62c2f72c2bd8a9c455de381ddce0fb163dff8b914f77ed68dd
coco_train2017_000000222512.jpg,mouse_only,train2017,222512,http://images.cocodataset.org/train2017/000000222512.jpg,http://farm4.staticflickr.com/3359/3663992518_5b2bfcd06a_z.jpg,Attribution-NonCommercial License,http://creativecommons.org/licenses/by-nc/2.0/,1,661.10,0.0056,32daffbc3671047a7e3c88532f242fcf63d96ad44d04036458187904c5afff1c
coco_train2017_000000510652.jpg,mouse_only,train2017,510652,http://images.cocodataset.org/train2017/000000510652.jpg,http://farm1.staticflickr.com/71/204105109_e928dfdc1c_z.jpg,Attribution-NonCommercial-ShareAlike License,http://creativecommons.org/licenses/by-nc-sa/2.0/,1,767.45,0.0001,6dfd4c82795c5a3824548e342337d6c9aa84d2113c60cc98b562f18d208967b1
coco_train2017_000000017154.jpg,mouse_only,train2017,17154,http://images.cocodataset.org/train2017/000000017154.jpg,http://farm9.staticflickr.com/8438/7946137812_2c79d45b02_z.jpg,Attribution-ShareAlike License,http://creativecommons.org/licenses/by-sa/2.0/,1,705.13,0.0000,d07754faa36e0c157aac3d6a9275ee64c06d795c2c736ea24ba1b2a65cb93011
coco_train2017_000000410980.jpg,mouse_only,train2017,410980,http://images.cocodataset.org/train2017/000000410980.jpg,http://farm3.staticflickr.com/2636/3838660358_23563d3e99_z.jpg,Attribution License,http://creativecommons.org/licenses/by/2.0/,1,533.55,0.0499,35e2fac28ff898944adc2f64660a2814a63efa91b4db364d47c16fc85da20723
coco_train2017_000000286342.jpg,mouse_only,train2017,286342,http://images.cocodataset.org/train2017/000000286342.jpg,http://farm8.staticflickr.com/7157/6848417057_6b0cf4d34d_z.jpg,Attribution-NonCommercial License,http://creativecommons.org/licenses/by-nc/2.0/,1,900.68,0.0600,c24fa2e7d26d9471d6d69ba327d0d45e3f086b0612482f83de5a5ffa8f6367ef
coco_train2017_000000316708.jpg,mouse_only,train2017,316708,http://images.cocodataset.org/train2017/000000316708.jpg,http://farm1.staticflickr.com/134/323177126_80c60c6704_z.jpg,Attribution-NonCommercial License,http://creativecommons.org/licenses/by-nc/2.0/,3,1138.72,0.0007,bc24541f961a086cde078e6a7dced01756e2c1fc17a99233a49d52107170d5a0
coco_train2017_000000115005.jpg,mouse_only,train2017,115005,http://images.cocodataset.org/train2017/000000115005.jpg,http://farm4.staticflickr.com/3590/3341666439_b034ea6e5d_z.jpg,Attribution-NonCommercial-ShareAlike License,http://creativecommons.org/licenses/by-nc-sa/2.0/,3,1823.20,0.0009,cfeb0caa6f5c6998f4ab7fd8917ec498748600a68a5ecbcc82e4563e0f890cf8
coco_train2017_000000155496.jpg,mouse_only,train2017,155496,http://images.cocodataset.org/train2017/000000155496.jpg,http://farm1.staticflickr.com/20/73648263_c2e72b2cb5_z.jpg,Attribution-NonCommercial-ShareAlike License,http://creativecommons.org/licenses/by-nc-sa/2.0/,1,1674.73,0.0034,8480e5152643f0df2c610c4e6c2d818bd1158ff60d388c81bf086dee76a0fe5c
coco_train2017_000000245664.jpg,mouse_only,train2017,245664,http://images.cocodataset.org/train2017/000000245664.jpg,http://farm1.staticflickr.com/59/202602322_f080bff7d2_z.jpg,Attribution-NonCommercial-ShareAlike License,http://creativecommons.org/licenses/by-nc-sa/2.0/,2,760.32,0.0000,8405cd7dade6b03449a74932db2b7af7bf7fc0a655af4b57b9d80c129d96464a
coco_train2017_000000155177.jpg,mouse_only,train2017,155177,http://images.cocodataset.org/train2017/000000155177.jpg,http://farm5.staticflickr.com/4002/4194449314_9236bdb145_z.jpg,Attribution-NonCommercial-ShareAlike License,http://creativecommons.org/licenses/by-nc-sa/2.0/,1,1214.09,0.0071,4317b7601cf10082c9de3a591e5a7945275f15bd2681b9345e8c50ffc80a9ece
coco_train2017_000000554920.jpg,mouse_only,train2017,554920,http://images.cocodataset.org/train2017/000000554920.jpg,http://farm1.staticflickr.com/34/263459974_a3d7d11e5f_z.jpg,Attribution-NonCommercial-ShareAlike License,http://creativecommons.org/licenses/by-nc-sa/2.0/,3,880.80,0.0007,b96bf289e12ab221c92dee7d29f4220f0f77012362ef5afdda95c0e2bfb9aeaa
coco_train2017_000000543992.jpg,mouse_only,train2017,543992,http://images.cocodataset.org/train2017/000000543992.jpg,http://farm2.staticflickr.com/1288/1032771699_45fba47ab8_z.jpg,Attribution License,http://creativecommons.org/licenses/by/2.0/,1,2705.72,0.0000,d8d4b0be72b139ed538bb7b813eedb05d928c36c6f0a66da17cd4864df5e9197
coco_train2017_000000349918.jpg,mouse_only,train2017,349918,http://images.cocodataset.org/train2017/000000349918.jpg,http://farm1.staticflickr.com/14/19752802_e3be09e035_z.jpg,Attribution-NonCommercial-ShareAlike License,http://creativecommons.org/licenses/by-nc-sa/2.0/,3,810.79,0.1031,533873883368e40972bfa2c7749e4c8be21faa4f3dd5018e6302c208eab39ddc
coco_train2017_000000542786.jpg,mouse_only,train2017,542786,http://images.cocodataset.org/train2017/000000542786.jpg,http://farm3.staticflickr.com/2506/4097458356_8bdcda1088_z.jpg,Attribution-NonCommercial-ShareAlike License,http://creativecommons.org/licenses/by-nc-sa/2.0/,3,1896.56,0.0023,fa407391eaecb507b23e215e25dd0a0636d0cd96a598654d4ffa2a8ccbd8682b
coco_train2017_000000472080.jpg,mouse_only,train2017,472080,http://images.cocodataset.org/train2017/000000472080.jpg,http://farm1.staticflickr.com/25/68121583_983f022c3c_z.jpg,Attribution License,http://creativecommons.org/licenses/by/2.0/,2,1122.71,0.0358,fd5fd610314c29ca83b952683662ecc421d5b8cd25d6e6177e29b9ad229277e5
coco_train2017_000000232118.jpg,mouse_only,train2017,232118,http://images.cocodataset.org/train2017/000000232118.jpg,http://farm3.staticflickr.com/2500/3834394934_7fc0d0d23a_z.jpg,Attribution-NonCommercial-ShareAlike License,http://creativecommons.org/licenses/by-nc-sa/2.0/,1,1764.07,0.0054,715e0c112d1ab4f8bd8b201ea84fd9d99c4d2fed16722b46a4509469df777e60
coco_train2017_000000340155.jpg,mouse_only,train2017,340155,http://images.cocodataset.org/train2017/000000340155.jpg,http://farm1.staticflickr.com/23/96366454_78c4996837_z.jpg,Attribution-NonCommercial-ShareAlike License,http://creativecommons.org/licenses/by-nc-sa/2.0/,3,3943.78,0.3171,092975477649c4b5119d30e5ef33367021f44b2c0495628bcaad075e929014d1
coco_train2017_000000406681.jpg,mouse_only,train2017,406681,http://images.cocodataset.org/train2017/000000406681.jpg,http://farm1.staticflickr.com/157/367056116_9bb479f047_z.jpg,Attribution License,http://creativecommons.org/licenses/by/2.0/,2,999.63,0.0002,b1138cfa82c8ca59e79a36a178e66585e7d84c1d0d0dd55bb713fcd614015cb0
coco_train2017_000000450555.jpg,mouse_only,train2017,450555,http://images.cocodataset.org/train2017/000000450555.jpg,http://farm1.staticflickr.com/51/157957950_d6bffc4cc4_z.jpg,Attribution License,http://creativecommons.org/licenses/by/2.0/,1,422.23,0.0000,6df7f9d332c9f62e319e11a001bf7654dbddc32d779ea43ab8a697869acf0ccb
coco_train2017_000000347766.jpg,mouse_only,train2017,347766,http://images.cocodataset.org/train2017/000000347766.jpg,http://farm4.staticflickr.com/3610/3342340166_510a3baf38_z.jpg,Attribution License,http://creativecommons.org/licenses/by/2.0/,2,1903.66,0.0045,d8c9aa52460cd4a0817dc96713374fe71d225e5dca990c74a64c74e4c66f89ed
coco_train2017_000000130524.jpg,mouse_only,train2017,130524,http://images.cocodataset.org/train2017/000000130524.jpg,http://farm1.staticflickr.com/46/171304257_ebe71c4b31_z.jpg,Attribution License,http://creativecommons.org/licenses/by/2.0/,2,1639.70,0.0002,12d3cd1a72fade8f6d204705af27318b5f7eb9bd3e08d4c4f6e92dca580262f3
coco_train2017_000000288507.jpg,mouse_only,train2017,288507,http://images.cocodataset.org/train2017/000000288507.jpg,http://farm2.staticflickr.com/1172/663602221_d3946cf6c4_z.jpg,Attribution-NonCommercial-ShareAlike License,http://creativecommons.org/licenses/by-nc-sa/2.0/,2,1686.57,0.0020,f1ad239f8a5e2bf68d1a6d8d794b6142e840169640a0603351b826a3b47cc7eb
coco_train2017_000000244613.jpg,mouse_only,train2017,244613,http://images.cocodataset.org/train2017/000000244613.jpg,http://farm1.staticflickr.com/52/126008426_0f86ea652f_z.jpg,Attribution-NonCommercial-ShareAlike License,http://creativecommons.org/licenses/by-nc-sa/2.0/,2,724.78,0.0012,2a4659ef6f7bd5a86c252a8458c444b25c8014b94d8fec75614ba9199646054a
coco_train2017_000000522704.jpg,mouse_only,train2017,522704,http://images.cocodataset.org/train2017/000000522704.jpg,http://farm1.staticflickr.com/41/75333385_fc39dc9db0_z.jpg,Attribution-NonCommercial License,http://creativecommons.org/licenses/by-nc/2.0/,1,2259.25,0.0049,1e8e930bf562fab840ec90791f7db01b069de6cbe0a33dd5c10fc8ec21b055cd
coco_train2017_000000058886.jpg,mouse_only,train2017,58886,http://images.cocodataset.org/train2017/000000058886.jpg,http://farm4.staticflickr.com/3387/3489853930_92251ab788_z.jpg,Attribution-NonCommercial-ShareAlike License,http://creativecommons.org/licenses/by-nc-sa/2.0/,2,583.85,0.0196,bb3a23fe226b8ed942d600ef027e77d9aa7d9c5621b35c5cff2d07b6e4162927
coco_train2017_000000153856.jpg,mouse_only,train2017,153856,http://images.cocodataset.org/train2017/000000153856.jpg,http://farm3.staticflickr.com/2065/2078620708_9c850a8b76_z.jpg,Attribution-NonCommercial-ShareAlike License,http://creativecommons.org/licenses/by-nc-sa/2.0/,2,1571.52,0.1649,8071daff161daac0340fe8e50d58d3d18e2a4a61cd1afe962720ac27d8c3248d
coco_train2017_000000195949.jpg,mouse_only,train2017,195949,http://images.cocodataset.org/train2017/000000195949.jpg,http://farm1.staticflickr.com/29/47727462_7161ada1e3_z.jpg,Attribution-NonCommercial-ShareAlike License,http://creativecommons.org/licenses/by-nc-sa/2.0/,2,1446.73,0.0115,1a55df0fc6bfcb9c57048c02222628e34d8ebfdb6f1cab976f2b2f5a9ce5188f
coco_train2017_000000430640.jpg,mouse_only,train2017,430640,http://images.cocodataset.org/train2017/000000430640.jpg,http://farm4.staticflickr.com/3061/3076078870_e5471822eb_z.jpg,Attribution-NonCommercial-ShareAlike License,http://creativecommons.org/licenses/by-nc-sa/2.0/,1,925.67,0.0000,f278b67684afd1153e5ea6dc012e7e1941b7599dabe3a51a9a81f6d6f7d73884
coco_train2017_000000499300.jpg,mouse_only,train2017,499300,http://images.cocodataset.org/train2017/000000499300.jpg,http://farm4.staticflickr.com/3207/2410345268_1845b5497e_z.jpg,Attribution-NonCommercial License,http://creativecommons.org/licenses/by-nc/2.0/,2,564.34,0.0567,1a1c9f193edef3b2dcf2fe019514ba17771de254a5b67eea101b1be4759742a3
coco_train2017_000000274477.jpg,mouse_only,train2017,274477,http://images.cocodataset.org/train2017/000000274477.jpg,http://farm1.staticflickr.com/151/419283093_deb7203e96_z.jpg,Attribution-NonCommercial-ShareAlike License,http://creativecommons.org/licenses/by-nc-sa/2.0/,1,3654.41,0.0326,ca4ceb5078d5c99ad5be38a3f1fc81ac5e1751a2c026331db4cb14373f749f1c
coco_train2017_000000281376.jpg,mouse_only,train2017,281376,http://images.cocodataset.org/train2017/000000281376.jpg,http://farm4.staticflickr.com/3054/2741405451_397ba98639_z.jpg,Attribution-ShareAlike License,http://creativecommons.org/licenses/by-sa/2.0/,2,1648.60,0.0596,96c8f561b021b562f65727ac005b6e9dea14217cdee1cf33439155403af43368
coco_train2017_000000442197.jpg,mouse_only,train2017,442197,http://images.cocodataset.org/train2017/000000442197.jpg,http://farm4.staticflickr.com/3272/3116671566_d598637b58_z.jpg,Attribution License,http://creativecommons.org/licenses/by/2.0/,1,1111.60,0.0000,c409346a70b41d74dd54068cf5f6feed8236a41ebd73d69dcd971cf9490fbfb2
coco_train2017_000000056960.jpg,mouse_only,train2017,56960,http://images.cocodataset.org/train2017/000000056960.jpg,http://farm3.staticflickr.com/2537/3951277105_792088a2f3_z.jpg,Attribution-NonCommercial-ShareAlike License,http://creativecommons.org/licenses/by-nc-sa/2.0/,1,1727.25,0.0374,37028ed5f9ebaca953ee2e7a52d2edbfefeca9e761cd3c065756cc5e2c8e7f12
coco_train2017_000000254986.jpg,mouse_only,train2017,254986,http://images.cocodataset.org/train2017/000000254986.jpg,http://farm4.staticflickr.com/3227/3067987822_749656c72a_z.jpg,Attribution License,http://creativecommons.org/licenses/by/2.0/,1,1664.32,0.0000,7385496487cae55e9444567f69dfe50cde93fd3d4a2be9de918a39d412759741
coco_train2017_000000376397.jpg,mouse_only,train2017,376397,http://images.cocodataset.org/train2017/000000376397.jpg,http://farm5.staticflickr.com/4071/4232034195_502a912837_z.jpg,Attribution-NonCommercial-ShareAlike License,http://creativecommons.org/licenses/by-nc-sa/2.0/,1,751.19,0.0775,d249a6a60978e895bfc43d541f7f4c94a1834b39a724fbcd1639778da9edc00a
coco_val2017_000000549674.jpg,mouse_only,val2017,549674,http://images.cocodataset.org/val2017/000000549674.jpg,http://farm1.staticflickr.com/149/369153773_9508076aab_z.jpg,Attribution-ShareAlike License,http://creativecommons.org/licenses/by-sa/2.0/,1,1783.10,0.0148,2ca0a6559f0796623dbe3dc2848a3df4a0683b8038b6d49541ca730df02285de
coco_train2017_000000348843.jpg,mouse_only,train2017,348843,http://images.cocodataset.org/train2017/000000348843.jpg,http://farm3.staticflickr.com/2495/4162670325_c8eacc025a_z.jpg,Attribution-NonCommercial License,http://creativecommons.org/licenses/by-nc/2.0/,2,1638.66,0.0921,5655bb7671cf5543e5878e525952bf3709986cd1e1b84539ab6c32bd3a39f3fc
coco_train2017_000000153542.jpg,mouse_only,train2017,153542,http://images.cocodataset.org/train2017/000000153542.jpg,http://farm1.staticflickr.com/47/107246464_15f97bd495_z.jpg,Attribution-NonCommercial-ShareAlike License,http://creativecommons.org/licenses/by-nc-sa/2.0/,1,904.54,0.0000,706cd606757b6fae755cc75ed4717cddac6cc6a11c32e3427b28190760eb798c
coco_train2017_000000444664.jpg,mouse_only,train2017,444664,http://images.cocodataset.org/train2017/000000444664.jpg,http://farm4.staticflickr.com/3032/3029803540_22f88121b7_z.jpg,Attribution License,http://creativecommons.org/licenses/by/2.0/,1,1594.33,0.0002,9385f29a82c7318ff3cfd549af7eed8ca1a0db053efdd4e69466e0a8776e5670
coco_train2017_000000023134.jpg,mouse_only,train2017,23134,http://images.cocodataset.org/train2017/000000023134.jpg,http://farm1.staticflickr.com/22/24305697_765193be9a_z.jpg,Attribution-NonCommercial-ShareAlike License,http://creativecommons.org/licenses/by-nc-sa/2.0/,2,1236.73,0.0037,75f13822bc9f736d7715d5e8442815b4d0d415f3f654432ba9e85a9685b996f4
coco_train2017_000000499364.jpg,mouse_only,train2017,499364,http://images.cocodataset.org/train2017/000000499364.jpg,http://farm4.staticflickr.com/3080/2542796399_118e1b4028_z.jpg,Attribution-ShareAlike License,http://creativecommons.org/licenses/by-sa/2.0/,1,2626.99,0.0132,106ca2dc343d2413f3bbf12a8542497b7487ffd1566b2b37de693f35037ed8c7
coco_train2017_000000021060.jpg,mouse_only,train2017,21060,http://images.cocodataset.org/train2017/000000021060.jpg,http://farm1.staticflickr.com/19/100111932_fbd9c9cf25_z.jpg,Attribution-NonCommercial-ShareAlike License,http://creativecommons.org/licenses/by-nc-sa/2.0/,2,723.74,0.0017,1d4f4811a2f92e54ee4910e86cf834a77f56193c88a182dd2f342dbc68039791
coco_train2017_000000253263.jpg,mouse_only,train2017,253263,http://images.cocodataset.org/train2017/000000253263.jpg,http://farm1.staticflickr.com/6/5499379_5041c70ab7_z.jpg,Attribution-NonCommercial-ShareAlike License,http://creativecommons.org/licenses/by-nc-sa/2.0/,2,2352.75,0.0263,a4d4fce4aeac35aa89d6976b32912cb22d9bcb07312ce0aa553e4a9f94aa55fb
coco_train2017_000000197600.jpg,mouse_only,train2017,197600,http://images.cocodataset.org/train2017/000000197600.jpg,http://farm3.staticflickr.com/2769/4318726140_d8824379c7_z.jpg,Attribution-NonCommercial License,http://creativecommons.org/licenses/by-nc/2.0/,1,1066.09,0.0000,39161a166beb8ea4438fb61931f0e5721abc8c34e57a06ae1e8781791a3e1d46
coco_train2017_000000113205.jpg,mouse_only,train2017,113205,http://images.cocodataset.org/train2017/000000113205.jpg,http://farm3.staticflickr.com/2437/3619440468_4fa7e40397_z.jpg,Attribution-NonCommercial-ShareAlike License,http://creativecommons.org/licenses/by-nc-sa/2.0/,1,1484.34,0.0416,374c08dc2f56583c25cadcad12917360ec304fd4b61869b5dcfc16e40d83d273
coco_train2017_000000574069.jpg,mouse_only,train2017,574069,http://images.cocodataset.org/train2017/000000574069.jpg,http://farm3.staticflickr.com/2746/4055059582_005dac51f6_z.jpg,Attribution-NonCommercial-ShareAlike License,http://creativecommons.org/licenses/by-nc-sa/2.0/,2,3238.53,0.0095,7c9c5eb61cc9afcdceaa521744758597d62b0157cc3656c5481710f9706cc629
coco_train2017_000000411277.jpg,mouse_only,train2017,411277,http://images.cocodataset.org/train2017/000000411277.jpg,http://farm4.staticflickr.com/3355/3246988509_21d53b3b6d_z.jpg,Attribution-ShareAlike License,http://creativecommons.org/licenses/by-sa/2.0/,2,2304.38,0.0115,818bbf930881a56bdbb6d9d52dc939f1da050601f10523b63ba4ffadf48e4269
coco_train2017_000000261129.jpg,mouse_only,train2017,261129,http://images.cocodataset.org/train2017/000000261129.jpg,http://farm3.staticflickr.com/2737/4148211924_efc3d429b1_z.jpg,Attribution-NonCommercial License,http://creativecommons.org/licenses/by-nc/2.0/,2,3653.50,0.0114,d55de99d3c130474a9f61247702f1f0608b27697d1eec778a1ae17a5dc025390
coco_train2017_000000227540.jpg,mouse_only,train2017,227540,http://images.cocodataset.org/train2017/000000227540.jpg,http://farm1.staticflickr.com/19/88504331_9bf69b9a70_z.jpg,Attribution-NonCommercial-ShareAlike License,http://creativecommons.org/licenses/by-nc-sa/2.0/,1,3810.13,0.0057,446f1af2e623922f715c284f672e7d000d003aaecbfaa7fcc131b940518540d8
coco_train2017_000000567389.jpg,mouse_only,train2017,567389,http://images.cocodataset.org/train2017/000000567389.jpg,http://farm1.staticflickr.com/146/377845629_2f60e8bb55_z.jpg,Attribution-NonCommercial-ShareAlike License,http://creativecommons.org/licenses/by-nc-sa/2.0/,1,878.25,0.0450,06339df420b487e0116f271d4be20c01c775625f2af35051c9fa33c344680a09
coco_val2017_000000340894.jpg,mouse_only,val2017,340894,http://images.cocodataset.org/val2017/000000340894.jpg,http://farm1.staticflickr.com/63/198876231_494acc23d1_z.jpg,Attribution License,http://creativecommons.org/licenses/by/2.0/,1,1839.15,0.0248,3e3b877390b6f0cf1873444eae7912dea498ea6515ee60bd0a2fa6b7d5fc52fa
coco_val2017_000000333772.jpg,mouse_only,val2017,333772,http://images.cocodataset.org/val2017/000000333772.jpg,http://farm5.staticflickr.com/4038/4212612461_ca16f4e7fb_z.jpg,Attribution License,http://creativecommons.org/licenses/by/2.0/,1,1819.51,0.0048,45abc24e5d525f4da47cafca857b5db9b08e8b4ee7fe03bcd3d6b2683ebfbcc7
coco_train2017_000000102171.jpg,mouse_only,train2017,102171,http://images.cocodataset.org/train2017/000000102171.jpg,http://farm1.staticflickr.com/89/275497031_7402c51d2e_z.jpg,Attribution-NonCommercial-ShareAlike License,http://creativecommons.org/licenses/by-nc-sa/2.0/,2,1781.22,0.0064,1c7dfe5e3ef47f07d733a944007da149ebd4281c92392ada3b63bde0a0727a21
coco_train2017_000000481039.jpg,mouse_only,train2017,481039,http://images.cocodataset.org/train2017/000000481039.jpg,http://farm1.staticflickr.com/35/72254140_babc25cd83_z.jpg,Attribution-NonCommercial License,http://creativecommons.org/licenses/by-nc/2.0/,2,707.47,0.0000,06cced9f29707683b3d92da3c4d140b66c08f6b7f14acbf9bc72721d86660f78
coco_train2017_000000004488.jpg,mouse_only,train2017,4488,http://images.cocodataset.org/train2017/000000004488.jpg,http://farm1.staticflickr.com/30/101895321_a852194bf8_z.jpg,Attribution License,http://creativecommons.org/licenses/by/2.0/,1,1231.08,0.1097,34e8eea9e25d59bd50f8b284726269ac60d0223925ef3703197a337b5f384d8d
coco_train2017_000000138911.jpg,mouse_only,train2017,138911,http://images.cocodataset.org/train2017/000000138911.jpg,http://farm6.staticflickr.com/5306/5758551982_106f4a8b60_z.jpg,Attribution License,http://creativecommons.org/licenses/by/2.0/,2,970.04,0.0334,2fd928b931986cc6939b36da77edb6dcf936e031a1870708729ca7b1cff21d1c
coco_train2017_000000110518.jpg,mouse_only,train2017,110518,http://images.cocodataset.org/train2017/000000110518.jpg,http://farm1.staticflickr.com/27/55248365_333f985236_z.jpg,Attribution-NonCommercial License,http://creativecommons.org/licenses/by-nc/2.0/,1,1666.47,0.0013,9bf35ded260bf6e224abe60fb6798ae9c4936ec528a61722603e5dc656b78517
coco_train2017_000000084214.jpg,mouse_only,train2017,84214,http://images.cocodataset.org/train2017/000000084214.jpg,http://farm1.staticflickr.com/79/275495975_e12dc9611d_z.jpg,Attribution-NonCommercial-ShareAlike License,http://creativecommons.org/licenses/by-nc-sa/2.0/,2,2502.44,0.0004,219acc15fbe68a6adca1a3a319924b138dfce2905f30837e0fef684614ebdef8
coco_train2017_000000427548.jpg,mouse_only,train2017,427548,http://images.cocodataset.org/train2017/000000427548.jpg,http://farm1.staticflickr.com/2/1414015_7b680610e0_z.jpg,Attribution-ShareAlike License,http://creativecommons.org/licenses/by-sa/2.0/,2,636.66,0.0001,bba121e2dbc8175b7f22cdc541af81ef739bfd19e30815e80d13d9d11003eb1e
coco_train2017_000000014335.jpg,mouse_only,train2017,14335,http://images.cocodataset.org/train2017/000000014335.jpg,http://farm3.staticflickr.com/2425/3976350889_27fa5c4ef0_z.jpg,Attribution-NonCommercial-ShareAlike License,http://creativecommons.org/licenses/by-nc-sa/2.0/,2,1690.31,0.0064,655d3d150f0067ddceffe44406012e5db47b9d200ffa63c458e0f91321c972e9
coco_train2017_000000526801.jpg,mouse_only,train2017,526801,http://images.cocodataset.org/train2017/000000526801.jpg,http://farm1.staticflickr.com/57/200273757_491b4f496f_z.jpg,Attribution-NonCommercial-ShareAlike License,http://creativecommons.org/licenses/by-nc-sa/2.0/,2,2832.57,0.0016,baebb34eac6b4a1381b45022cc13a303c83c9ef3246df63fd709b186eb1dfdf8
coco_train2017_000000174511.jpg,mouse_only,train2017,174511,http://images.cocodataset.org/train2017/000000174511.jpg,http://farm3.staticflickr.com/2446/3530841298_daa29c330b_z.jpg,Attribution-ShareAlike License,http://creativecommons.org/licenses/by-sa/2.0/,1,836.59,0.0000,6045a29a59ca79067fd9d5bfe42746ad428692eeae115c91a0da5d27d7e62c65
coco_train2017_000000382617.jpg,mouse_only,train2017,382617,http://images.cocodataset.org/train2017/000000382617.jpg,http://farm1.staticflickr.com/3/5837639_535a2fb405_z.jpg,Attribution-NonCommercial-ShareAlike License,http://creativecommons.org/licenses/by-nc-sa/2.0/,1,1223.20,0.0000,a5a0467d2373217873532ba44dfcc8bdc8245bd62f3b713e37a21f7c0646f888
coco_train2017_000000256611.jpg,mouse_only,train2017,256611,http://images.cocodataset.org/train2017/000000256611.jpg,http://farm4.staticflickr.com/3432/3266467919_0b6ed6084c_z.jpg,Attribution-NonCommercial License,http://creativecommons.org/licenses/by-nc/2.0/,1,2215.62,0.0099,e32b8e05515d50f99f365a474507fd78f2eb90aebff04d6a09162634eefa5659
coco_train2017_000000473069.jpg,mouse_only,train2017,473069,http://images.cocodataset.org/train2017/000000473069.jpg,http://farm3.staticflickr.com/2472/3983924433_600885a1e2_z.jpg,Attribution-ShareAlike License,http://creativecommons.org/licenses/by-sa/2.0/,1,1622.11,0.0003,8d9fb243f8af7a875557b771bf55a29efa0dec59520f99614a6267f274ed76e0
coco_train2017_000000384176.jpg,mouse_only,train2017,384176,http://images.cocodataset.org/train2017/000000384176.jpg,http://farm4.staticflickr.com/3375/3302984360_ed12a27cec_z.jpg,Attribution-ShareAlike License,http://creativecommons.org/licenses/by-sa/2.0/,2,1689.34,0.0000,b824b9211297ff8072627944e09f5fb56d4cc42948478adc6dbee28d9fc834ce
coco_train2017_000000096130.jpg,mouse_only,train2017,96130,http://images.cocodataset.org/train2017/000000096130.jpg,http://farm1.staticflickr.com/103/368403078_aa74e53bf6_z.jpg,Attribution-NonCommercial-ShareAlike License,http://creativecommons.org/licenses/by-nc-sa/2.0/,2,1488.50,0.0288,dc0a6da318af3f8acdcdb4dd273e439188956469243861ca454f5a2f806d807e
coco_train2017_000000459428.jpg,mouse_only,train2017,459428,http://images.cocodataset.org/train2017/000000459428.jpg,http://farm1.staticflickr.com/62/208444698_01259aed7b_z.jpg,Attribution-NonCommercial-ShareAlike License,http://creativecommons.org/licenses/by-nc-sa/2.0/,1,2052.50,0.0618,ebc286972e997ddbca79ece95637162bc878987da73f6b86372ee3af029a477b
coco_train2017_000000191136.jpg,mouse_only,train2017,191136,http://images.cocodataset.org/train2017/000000191136.jpg,http://farm5.staticflickr.com/4041/4272711755_6ecb48f51c_z.jpg,Attribution-NonCommercial-ShareAlike License,http://creativecommons.org/licenses/by-nc-sa/2.0/,1,675.32,0.0188,94a3544c5241d8235a2ce9172e6ece6dc57647e04a65b5b02b848e074080b5be
coco_train2017_000000570141.jpg,mouse_only,train2017,570141,http://images.cocodataset.org/train2017/000000570141.jpg,http://farm1.staticflickr.com/89/275501829_95623257f4_z.jpg,Attribution-NonCommercial-ShareAlike License,http://creativecommons.org/licenses/by-nc-sa/2.0/,2,2247.51,0.0005,616af0fff2358a1127a131b4e06690bde2deb2af62f1797d48f1cd831d441258
coco_train2017_000000233483.jpg,mouse_only,train2017,233483,http://images.cocodataset.org/train2017/000000233483.jpg,http://farm2.staticflickr.com/1054/4729209055_4121d0cfd2_z.jpg,Attribution-NonCommercial-ShareAlike License,http://creativecommons.org/licenses/by-nc-sa/2.0/,2,2100.90,0.0554,727b77d9d87ac8ec0a6d01f7436b6db23110e8db40fbb6166b93b2902ca9b983
coco_train2017_000000453195.jpg,mouse_only,train2017,453195,http://images.cocodataset.org/train2017/000000453195.jpg,http://farm3.staticflickr.com/2506/4190437672_4f4a75837a_z.jpg,Attribution-ShareAlike License,http://creativecommons.org/licenses/by-sa/2.0/,2,847.91,0.0541,e47ad9ae7cc1f257d06f681c903df9eea77cc98554b2740734d825a226e6f1d4
coco_train2017_000000040304.jpg,mouse_only,train2017,40304,http://images.cocodataset.org/train2017/000000040304.jpg,http://farm3.staticflickr.com/2534/3810312315_d5e9d2a680_z.jpg,Attribution-ShareAlike License,http://creativecommons.org/licenses/by-sa/2.0/,2,1316.76,0.0749,eb3ab8b91db6409ab3bf42a56bc3904ddebe0d9f7277cf23b70c5217310d9d32
coco_train2017_000000140936.jpg,mouse_only,train2017,140936,http://images.cocodataset.org/train2017/000000140936.jpg,http://farm5.staticflickr.com/4008/4180755982_09c3b105ee_z.jpg,Attribution-NonCommercial License,http://creativecommons.org/licenses/by-nc/2.0/,1,2371.35,0.0334,5512a4717512427424055027e5bd33527b2fdb52c83b80f80464ace796b16c4b
coco_train2017_000000579548.jpg,mouse_only,train2017,579548,http://images.cocodataset.org/train2017/000000579548.jpg,http://farm1.staticflickr.com/59/159582152_f2f9833c2c_z.jpg,Attribution-NonCommercial-ShareAlike License,http://creativecommons.org/licenses/by-nc-sa/2.0/,2,728.99,0.0239,42fc17dd06331ff14c0482e1c32909f82960d7aa8453bc1a88f62d53eeae936d
coco_train2017_000000192835.jpg,mouse_only,train2017,192835,http://images.cocodataset.org/train2017/000000192835.jpg,http://farm3.staticflickr.com/2367/2269190318_345db7c570_z.jpg,Attribution-NonCommercial-ShareAlike License,http://creativecommons.org/licenses/by-nc-sa/2.0/,1,1749.47,0.0804,69215a25c7484b392a4232022f9b411f078a0da0cc5d44f4728d47e3361075ad
coco_train2017_000000318185.jpg,mouse_only,train2017,318185,http://images.cocodataset.org/train2017/000000318185.jpg,http://farm4.staticflickr.com/3542/3548092206_9bfb211a21_z.jpg,Attribution-NonCommercial License,http://creativecommons.org/licenses/by-nc/2.0/,1,1405.91,0.0110,04996c87f2271403302a5625fc304762096831f4470ca92bbbea8fa2594a4442
coco_train2017_000000319706.jpg,mouse_only,train2017,319706,http://images.cocodataset.org/train2017/000000319706.jpg,http://farm1.staticflickr.com/68/192868919_56153feb9e_z.jpg,Attribution-NonCommercial-ShareAlike License,http://creativecommons.org/licenses/by-nc-sa/2.0/,1,2410.37,0.0038,720e19f5c17c3616bd3e5647011776a9cfd1917b51d04fbd0ecf0c319b11990c
coco_train2017_000000074409.jpg,mouse_only,train2017,74409,http://images.cocodataset.org/train2017/000000074409.jpg,http://farm6.staticflickr.com/5101/5640557375_602b064772_z.jpg,Attribution License,http://creativecommons.org/licenses/by/2.0/,1,1822.93,0.0621,53f81ac6dba848244ef286d1603b01012c342d89cbca3a9c155e0e65f5c80c3d
coco_train2017_000000452615.jpg,mouse_only,train2017,452615,http://images.cocodataset.org/train2017/000000452615.jpg,http://farm3.staticflickr.com/2213/2213277951_f1336323ed_z.jpg,Attribution-NonCommercial-ShareAlike License,http://creativecommons.org/licenses/by-nc-sa/2.0/,2,2684.61,0.0000,15e1edb162c9cb7a2371b6e9678cd826920ac3232fa85d00f6d794e47871302d
coco_train2017_000000294744.jpg,mouse_only,train2017,294744,http://images.cocodataset.org/train2017/000000294744.jpg,http://farm9.staticflickr.com/8006/7242362052_2002de625e_z.jpg,Attribution-ShareAlike License,http://creativecommons.org/licenses/by-sa/2.0/,1,824.63,0.0000,1267a3cc1769b6800375a78d3d72d79cf004d98f8152208f02596e2f9d863900
coco_train2017_000000235537.jpg,mouse_only,train2017,235537,http://images.cocodataset.org/train2017/000000235537.jpg,http://farm1.staticflickr.com/217/506882408_a531e125e4_z.jpg,Attribution-NonCommercial License,http://creativecommons.org/licenses/by-nc/2.0/,2,1032.13,0.0009,4196fb62e47c55c132a49b7948c2557428ffb710453907810e55eb4ce62dcf46
coco_train2017_000000051799.jpg,mouse_only,train2017,51799,http://images.cocodataset.org/train2017/000000051799.jpg,http://farm1.staticflickr.com/100/280308729_6789b5432b_z.jpg,Attribution-NonCommercial-ShareAlike License,http://creativecommons.org/licenses/by-nc-sa/2.0/,1,1181.64,0.0346,35c6d15b3180b46af00d74480f5407f6d10a7dd0d1af82b4187d7a84e436b72b
coco_train2017_000000461042.jpg,mouse_only,train2017,461042,http://images.cocodataset.org/train2017/000000461042.jpg,http://farm1.staticflickr.com/135/373219646_7c6036c2c3_z.jpg,Attribution-ShareAlike License,http://creativecommons.org/licenses/by-sa/2.0/,2,1650.27,0.0016,00f1270f219c08a3d11567f38ce24a1fc1e7083d141237f3a9ef1b9da4f8d7d4
coco_train2017_000000576040.jpg,mouse_only,train2017,576040,http://images.cocodataset.org/train2017/000000576040.jpg,http://farm2.staticflickr.com/1149/5099020633_708068130f_z.jpg,Attribution-NonCommercial License,http://creativecommons.org/licenses/by-nc/2.0/,2,845.30,0.0001,f8ec701a2a547fc4ef0391b8b97e353d4da841676ed5d4d520bfb3b503703ed9
coco_train2017_000000358763.jpg,mouse_only,train2017,358763,http://images.cocodataset.org/train2017/000000358763.jpg,http://farm6.staticflickr.com/5454/8869878800_e3b8482032_z.jpg,Attribution-NonCommercial-ShareAlike License,http://creativecommons.org/licenses/by-nc-sa/2.0/,2,1365.64,0.0258,3a65726ecce26dc84f2025a4b744c13071be010837422887db58d87531699d81
coco_train2017_000000066853.jpg,mouse_only,train2017,66853,http://images.cocodataset.org/train2017/000000066853.jpg,http://farm1.staticflickr.com/176/408479403_575fde3925_z.jpg,Attribution-NonCommercial-ShareAlike License,http://creativecommons.org/licenses/by-nc-sa/2.0/,2,983.37,0.0285,110efe3b1911685d8dc28140e6cacf25da3562a8b97a675da7aa43e15b28e073
coco_train2017_000000364444.jpg,mouse_only,train2017,364444,http://images.cocodataset.org/train2017/000000364444.jpg,http://farm1.staticflickr.com/64/167918602_52efc0bc46_z.jpg,Attribution-NonCommercial-ShareAlike License,http://creativecommons.org/licenses/by-nc-sa/2.0/,2,1384.14,0.0029,924d531210452a49ea881bbfcb048723f510cf00d00354ae5a15cfba6d74a849
coco_train2017_000000422792.jpg,mouse_only,train2017,422792,http://images.cocodataset.org/train2017/000000422792.jpg,http://farm2.staticflickr.com/1083/1030483892_a13daa87bf_z.jpg,Attribution License,http://creativecommons.org/licenses/by/2.0/,2,792.62,0.1569,c6c7cd0e4d3fbdbdcc10104a99a4e1ec47c01cc681a3db6da76aacd73ac7c025
coco_train2017_000000145841.jpg,mouse_only,train2017,145841,http://images.cocodataset.org/train2017/000000145841.jpg,http://farm1.staticflickr.com/46/145349209_4d7383f204_z.jpg,Attribution-NonCommercial-ShareAlike License,http://creativecommons.org/licenses/by-nc-sa/2.0/,2,1825.80,0.0010,379b9c7e9c0440f22d6851876bd7bd003bb255926aca11e948c6037f202e9d86
coco_train2017_000000393692.jpg,mouse_only,train2017,393692,http://images.cocodataset.org/train2017/000000393692.jpg,http://farm4.staticflickr.com/3147/3092243154_0ecf360aa2_z.jpg,Attribution-NonCommercial License,http://creativecommons.org/licenses/by-nc/2.0/,1,2712.25,0.0042,ade0c5b84b72a8c7542c772cce31919d0827c31291e92088f3843aa07ee816cd
coco_train2017_000000294330.jpg,mouse_only,train2017,294330,http://images.cocodataset.org/train2017/000000294330.jpg,http://farm4.staticflickr.com/3137/2761243339_e89d6238bf_z.jpg,Attribution-NonCommercial-ShareAlike License,http://creativecommons.org/licenses/by-nc-sa/2.0/,2,3228.69,0.0002,9d42297975e75f425c31bda7e644c728da9f2684ce59552c6b3fce330e78a1c5
coco_train2017_000000225060.jpg,mouse_only,train2017,225060,http://images.cocodataset.org/train2017/000000225060.jpg,http://farm1.staticflickr.com/128/376275220_29accb13a4_z.jpg,Attribution-ShareAlike License,http://creativecommons.org/licenses/by-sa/2.0/,1,1906.97,0.0079,4a66a4966fb5b433060a7f9525081c218851d50d1214372840b9fcfc559f04dc
coco_train2017_000000414045.jpg,mouse_only,train2017,414045,http://images.cocodataset.org/train2017/000000414045.jpg,http://farm1.staticflickr.com/48/138893199_029346b097_z.jpg,Attribution-NonCommercial-ShareAlike License,http://creativecommons.org/licenses/by-nc-sa/2.0/,1,846.72,0.0060,66fdb654d45198f0114e06997ce6c9caca521911ee4c85115d5e1301d9c26416
coco_train2017_000000487033.jpg,mouse_only,train2017,487033,http://images.cocodataset.org/train2017/000000487033.jpg,http://farm1.staticflickr.com/52/131203823_7feed30bd9_z.jpg,Attribution-NonCommercial-ShareAlike License,http://creativecommons.org/licenses/by-nc-sa/2.0/,2,1513.78,0.0752,332da44b082de607e446e7513898154b70590c5920d0e73d1a6fc99ea9c54759
coco_train2017_000000453625.jpg,mouse_only,train2017,453625,http://images.cocodataset.org/train2017/000000453625.jpg,http://farm4.staticflickr.com/3535/3872719286_c28b49e970_z.jpg,Attribution-NonCommercial-ShareAlike License,http://creativecommons.org/licenses/by-nc-sa/2.0/,2,1785.92,0.0411,6bf1884936459d722240d3d2fedfce27edd5c2c131eb0ecc16621771479c7635
coco_train2017_000000210471.jpg,mouse_only,train2017,210471,http://images.cocodataset.org/train2017/000000210471.jpg,http://farm3.staticflickr.com/2064/2207939623_4b7164c9b6_z.jpg,Attribution-ShareAlike License,http://creativecommons.org/licenses/by-sa/2.0/,1,936.35,0.0028,1d11df76bcc1f95002fef9b372c1045a731c4fa2d08f0b80765daf3320482aee
coco_train2017_000000000716.jpg,mouse_only,train2017,716,http://images.cocodataset.org/train2017/000000000716.jpg,http://farm9.staticflickr.com/8450/7975246130_d5770d29e9_z.jpg,Attribution-ShareAlike License,http://creativecommons.org/licenses/by-sa/2.0/,2,307.77,0.0032,ffb968a2df7bb39df6aed322b9243e5ee4955f8bd7df3cc43705b520ce43a7cb
coco_train2017_000000265586.jpg,mouse_only,train2017,265586,http://images.cocodataset.org/train2017/000000265586.jpg,http://farm1.staticflickr.com/110/265222577_466a9d217b_z.jpg,Attribution-ShareAlike License,http://creativecommons.org/licenses/by-sa/2.0/,1,1540.34,0.0346,66d6cd998704f352f93c4eef92e94c1c93672351b48497dfb84043f4449d9e1a
coco_train2017_000000071021.jpg,mouse_only,train2017,71021,http://images.cocodataset.org/train2017/000000071021.jpg,http://farm4.staticflickr.com/3342/3625068181_b689a06eed_z.jpg,Attribution-ShareAlike License,http://creativecommons.org/licenses/by-sa/2.0/,2,2148.60,0.0004,14dd9736acbb1a6bb0890772a528b504f8facfde33fbafa2667ea041f099ba58
coco_train2017_000000314935.jpg,mouse_only,train2017,314935,http://images.cocodataset.org/train2017/000000314935.jpg,http://farm4.staticflickr.com/3176/2817328185_0bb10d53e9_z.jpg,Attribution-NonCommercial-ShareAlike License,http://creativecommons.org/licenses/by-nc-sa/2.0/,1,3278.19,0.0638,353e85248890ee98a54ea466a20b43f965aad6d0474b95655c803e5719616e38
coco_train2017_000000129334.jpg,mouse_only,train2017,129334,http://images.cocodataset.org/train2017/000000129334.jpg,http://farm4.staticflickr.com/3397/3475643667_a87748e63a_z.jpg,Attribution-NonCommercial-ShareAlike License,http://creativecommons.org/licenses/by-nc-sa/2.0/,2,1810.80,0.0087,b589eca5f21eac3f8d45ffedbd343690d1b497409a114652013bfce21e493f0c
coco_train2017_000000366724.jpg,mouse_only,train2017,366724,http://images.cocodataset.org/train2017/000000366724.jpg,http://farm4.staticflickr.com/3468/3985002426_7ac078228e_z.jpg,Attribution-ShareAlike License,http://creativecommons.org/licenses/by-sa/2.0/,2,733.51,0.0288,3896b16ba8a1a33231a418bda3ad4d95f8f0a68c3fa83d12f9a4587b3722820b
coco_train2017_000000016669.jpg,mouse_only,train2017,16669,http://images.cocodataset.org/train2017/000000016669.jpg,http://farm1.staticflickr.com/240/462484398_f810ab49ef_z.jpg,Attribution-NonCommercial-ShareAlike License,http://creativecommons.org/licenses/by-nc-sa/2.0/,1,993.48,0.0001,6caffa1e8544c67f0f7cff5fb56a15b5225b2716093dedd116a55d8868d3d0ea
coco_train2017_000000223942.jpg,mouse_only,train2017,223942,http://images.cocodataset.org/train2017/000000223942.jpg,http://farm1.staticflickr.com/32/64701065_c952bb7229_z.jpg,Attribution-ShareAlike License,http://creativecommons.org/licenses/by-sa/2.0/,1,2063.01,0.2224,09efb866a73a1e2e0d07460244f181ad99b3f87d7f285bb96919b630180cfef5
coco_train2017_000000050099.jpg,mouse_only,train2017,50099,http://images.cocodataset.org/train2017/000000050099.jpg,http://farm5.staticflickr.com/4013/4237033291_cffb043e61_z.jpg,Attribution-NonCommercial-ShareAlike License,http://creativecommons.org/licenses/by-nc-sa/2.0/,2,1027.41,0.0000,5c25606ebef6335d31b68778a110eca651f06024d3e7a92e6691a1ed8cd5d18f
coco_train2017_000000514504.jpg,mouse_only,train2017,514504,http://images.cocodataset.org/train2017/000000514504.jpg,http://farm1.staticflickr.com/21/33723047_0be1d1714b_z.jpg,Attribution License,http://creativecommons.org/licenses/by/2.0/,2,1025.97,0.0744,3de71fdd97088b90761b44e6fd737032664cf9939446647cd2cc98f5df6482f3
coco_train2017_000000412878.jpg,mouse_only,train2017,412878,http://images.cocodataset.org/train2017/000000412878.jpg,http://farm6.staticflickr.com/5052/5406216955_5ca5f1bc7e_z.jpg,Attribution-NonCommercial License,http://creativecommons.org/licenses/by-nc/2.0/,2,904.88,0.0083,e32ceb68037380139e1a5aecf423bf86e16f5b7236b382f61d4a2476fe2d0f08
coco_train2017_000000499134.jpg,mouse_only,train2017,499134,http://images.cocodataset.org/train2017/000000499134.jpg,http://farm1.staticflickr.com/21/29479484_702f3a0c85_z.jpg,Attribution-NonCommercial-ShareAlike License,http://creativecommons.org/licenses/by-nc-sa/2.0/,1,2282.21,0.0000,350e8f4b99ba392c4ea5c7e0fbbdd8a1dcf1eeedef6ab88ac457f9504989bb29
coco_train2017_000000425899.jpg,mouse_only,train2017,425899,http://images.cocodataset.org/train2017/000000425899.jpg,http://farm3.staticflickr.com/2745/4177010723_c911916da0_z.jpg,Attribution-NonCommercial-ShareAlike License,http://creativecommons.org/licenses/by-nc-sa/2.0/,2,2396.36,0.0121,8b767defef55f69009d68858b5ca86ab8e0bf82d1bf246764e53663ae833bdc6
coco_train2017_000000167818.jpg,mouse_only,train2017,167818,http://images.cocodataset.org/train2017/000000167818.jpg,http://farm1.staticflickr.com/17/20090752_dde1af1c76_z.jpg,Attribution-NonCommercial License,http://creativecommons.org/licenses/by-nc/2.0/,2,1817.94,0.1700,e67f03aff41ca0d3e5ed190aff240bcc91a8f07713f604c02bd9fcbd67491bcd
coco_val2017_000000021503.jpg,mouse_only,val2017,21503,http://images.cocodataset.org/val2017/000000021503.jpg,http://farm1.staticflickr.com/166/357634751_ac81ea653a_z.jpg,Attribution-NonCommercial License,http://creativecommons.org/licenses/by-nc/2.0/,1,141.58,0.0000,83f04a37053c9bfaaaae137edb80a262fb8604af40064bfdee7899129ee5ce77
coco_train2017_000000153524.jpg,mouse_only,train2017,153524,http://images.cocodataset.org/train2017/000000153524.jpg,http://farm1.staticflickr.com/96/234844352_f5f230a2ba_z.jpg,Attribution-NonCommercial-ShareAlike License,http://creativecommons.org/licenses/by-nc-sa/2.0/,2,645.24,0.0000,d0d4c31a69b6c425235932867f024034b71705f11a5a7a0c187b871bcecef97b
coco_train2017_000000475887.jpg,mouse_only,train2017,475887,http://images.cocodataset.org/train2017/000000475887.jpg,http://farm3.staticflickr.com/2685/4312983598_277072a300_z.jpg,Attribution License,http://creativecommons.org/licenses/by/2.0/,1,1441.02,0.6299,3cff02cd919a25460ec8c6626c5b37c9bc945d20b0a16dfe8578e3e71e38b474
coco_train2017_000000267910.jpg,mouse_only,train2017,267910,http://images.cocodataset.org/train2017/000000267910.jpg,http://farm4.staticflickr.com/3193/2739177441_4c990553c8_z.jpg,Attribution-NonCommercial-ShareAlike License,http://creativecommons.org/licenses/by-nc-sa/2.0/,1,434.81,0.0073,8eab61d09398dc1804cfcdd59eb546329b11964325e1390fb1584c17d20ddedf
coco_train2017_000000472109.jpg,mouse_only,train2017,472109,http://images.cocodataset.org/train2017/000000472109.jpg,http://farm4.staticflickr.com/3309/3247733709_59ea4dd3a5_z.jpg,Attribution-ShareAlike License,http://creativecommons.org/licenses/by-sa/2.0/,2,988.49,0.0000,c4e27356a6d2fbcaaab23a6abb485842bdf368cdbad9c40aaab5fbb4e05bb842
coco_train2017_000000006725.jpg,mouse_only,train2017,6725,http://images.cocodataset.org/train2017/000000006725.jpg,http://farm2.staticflickr.com/1020/1281109494_d7677ef409_z.jpg,Attribution-NonCommercial-ShareAlike License,http://creativecommons.org/licenses/by-nc-sa/2.0/,2,1539.04,0.0174,26abe9aff8989465f33d8b89ad06bcefc99f4dba366095c1708cb1a96648836f
coco_train2017_000000051152.jpg,mouse_only,train2017,51152,http://images.cocodataset.org/train2017/000000051152.jpg,http://farm1.staticflickr.com/52/156836336_b576705268_z.jpg,Attribution-NonCommercial-ShareAlike License,http://creativecommons.org/licenses/by-nc-sa/2.0/,2,1792.98,0.0005,dc02ae4fb753f4f67d0aa9b8f14c104a747763255787a726f68b7e8a23352964
coco_train2017_000000166565.jpg,mouse_only,train2017,166565,http://images.cocodataset.org/train2017/000000166565.jpg,http://farm4.staticflickr.com/3374/3623232778_b3e885327f_z.jpg,Attribution License,http://creativecommons.org/licenses/by/2.0/,2,1609.13,0.0099,07b5cf3f6ee427dc9b3a3bd6c9959e19570223dfcb068ffce50126f20352ba94
coco_val2017_000000486040.jpg,mouse_only,val2017,486040,http://images.cocodataset.org/val2017/000000486040.jpg,http://farm5.staticflickr.com/4118/4932121994_94daaf6998_z.jpg,Attribution-NonCommercial-ShareAlike License,http://creativecommons.org/licenses/by-nc-sa/2.0/,1,3037.66,0.0283,7ad4996a239aeb30146024e13b9a1f66fcb465e16abdae9ddd4817165651ed1a
coco_train2017_000000073226.jpg,mouse_only,train2017,73226,http://images.cocodataset.org/train2017/000000073226.jpg,http://farm3.staticflickr.com/2299/2375210450_bbc74d6a88_z.jpg,Attribution-NonCommercial License,http://creativecommons.org/licenses/by-nc/2.0/,2,2219.39,0.0203,9aa09443ca2965fc06c3371731e938e627089c9d861b312c7e724906c457b3ea
coco_train2017_000000110593.jpg,mouse_only,train2017,110593,http://images.cocodataset.org/train2017/000000110593.jpg,http://farm3.staticflickr.com/2076/2052781232_2679e55264_z.jpg,Attribution License,http://creativecommons.org/licenses/by/2.0/,2,3095.46,0.0009,e53c0a8cac4f38729ef0d71c1b41e60684644370434cd9a214ff310153426e86
coco_train2017_000000531784.jpg,mouse_only,train2017,531784,http://images.cocodataset.org/train2017/000000531784.jpg,http://farm3.staticflickr.com/2616/3818973448_f59b4c9994_z.jpg,Attribution-ShareAlike License,http://creativecommons.org/licenses/by-sa/2.0/,1,1715.21,0.0032,ebd432a0abc0b053a60231404b035b1e89cdf0b8736a4cc305693cb73fc4239f
coco_train2017_000000128222.jpg,mouse_only,train2017,128222,http://images.cocodataset.org/train2017/000000128222.jpg,http://farm4.staticflickr.com/3109/3203808770_f051660f7b_z.jpg,Attribution-ShareAlike License,http://creativecommons.org/licenses/by-sa/2.0/,2,2653.63,0.1464,2ae7e28a4b1ef7736e33827f2dd3b416cc4d81b5081ecce51b4d8937ddd49830
coco_train2017_000000074206.jpg,mouse_only,train2017,74206,http://images.cocodataset.org/train2017/000000074206.jpg,http://farm1.staticflickr.com/9/14014197_d0836f91bb_z.jpg,Attribution-NonCommercial-ShareAlike License,http://creativecommons.org/licenses/by-nc-sa/2.0/,1,2034.05,0.0000,ce00bb3666678c0fea73ccf3b5fa6f83dc6779c507f073485d145469f21dfdfa
coco_train2017_000000044286.jpg,mouse_only,train2017,44286,http://images.cocodataset.org/train2017/000000044286.jpg,http://farm4.staticflickr.com/3285/2924480228_65e6f844ea_z.jpg,Attribution-NonCommercial-ShareAlike License,http://creativecommons.org/licenses/by-nc-sa/2.0/,2,1727.99,0.0013,443c2fb1e86d44f8f3a942e4d8bcd2a417d911ddd68075746977c63d31fc1dfc
coco_train2017_000000310214.jpg,mouse_only,train2017,310214,http://images.cocodataset.org/train2017/000000310214.jpg,http://farm6.staticflickr.com/5009/5297711298_16cf54cc96_z.jpg,Attribution-NonCommercial License,http://creativecommons.org/licenses/by-nc/2.0/,1,1022.46,0.0000,c8d4dfff6a087ffa4e4c14edf7e841cea1f936e25e5641b99805e8c0f1debc13
coco_train2017_000000124117.jpg,mouse_only,train2017,124117,http://images.cocodataset.org/train2017/000000124117.jpg,http://farm6.staticflickr.com/5093/5498630839_cc0849771a_z.jpg,Attribution-NonCommercial-ShareAlike License,http://creativecommons.org/licenses/by-nc-sa/2.0/,2,2262.96,0.0120,e2d1688662e3164bd793c2a908b0e5281ef186a582a400d80ca4fe5441261e3a
coco_train2017_000000449798.jpg,mouse_only,train2017,449798,http://images.cocodataset.org/train2017/000000449798.jpg,http://farm1.staticflickr.com/106/266525506_76b8bf08ae_z.jpg,Attribution License,http://creativecommons.org/licenses/by/2.0/,1,3166.66,0.0000,c174ec14aa3a8ee709e9946307ee0b631f60e52dffb5cab298f0f0b4d9d1619d
coco_train2017_000000083462.jpg,mouse_only,train2017,83462,http://images.cocodataset.org/train2017/000000083462.jpg,http://farm1.staticflickr.com/3/3227034_14852c0d37_z.jpg,Attribution-NonCommercial License,http://creativecommons.org/licenses/by-nc/2.0/,2,2012.54,0.0178,672b9901662dcba0a49521ba1a4a3394490a026967415b724703b6aaf42a0ba2
coco_val2017_000000009400.jpg,mouse_only,val2017,9400,http://images.cocodataset.org/val2017/000000009400.jpg,http://farm1.staticflickr.com/110/286317893_b6bce1c310_z.jpg,Attribution-NonCommercial-ShareAlike License,http://creativecommons.org/licenses/by-nc-sa/2.0/,1,735.24,0.0715,1a613f9b09db3b7bedb626af3e3951ac1709f6036d4e1405f6e8463816108222
coco_train2017_000000086011.jpg,mouse_only,train2017,86011,http://images.cocodataset.org/train2017/000000086011.jpg,http://farm2.staticflickr.com/1161/5146383346_9bc301a110_z.jpg,Attribution-NonCommercial-ShareAlike License,http://creativecommons.org/licenses/by-nc-sa/2.0/,2,963.66,0.0002,d047827ae3f98272c33a8295470628ba5966fdb54b1333d47c4edc24fecca4e0
coco_train2017_000000317615.jpg,mouse_only,train2017,317615,http://images.cocodataset.org/train2017/000000317615.jpg,http://farm2.staticflickr.com/1107/1299307242_76bded8fe2_z.jpg,Attribution-NonCommercial License,http://creativecommons.org/licenses/by-nc/2.0/,1,1472.57,0.0009,2ce90032da596d32cbc9083eb6ed7fcce76505880933eb40346b567515100823
coco_train2017_000000268992.jpg,mouse_only,train2017,268992,http://images.cocodataset.org/train2017/000000268992.jpg,http://farm3.staticflickr.com/2229/2266417226_255621cea2_z.jpg,Attribution-NonCommercial-ShareAlike License,http://creativecommons.org/licenses/by-nc-sa/2.0/,2,1974.95,0.0059,0342ee9c1569773cd8b4103ff81a5ea4d31466506352aabc673c3951c89c6d8e
coco_val2017_000000547144.jpg,mouse_only,val2017,547144,http://images.cocodataset.org/val2017/000000547144.jpg,http://farm3.staticflickr.com/2408/2527139847_ee51ca4ce3_z.jpg,Attribution License,http://creativecommons.org/licenses/by/2.0/,2,1405.99,0.0341,3c06cc2d2c83a6ec598b8c89e04d58bb31fe3f9dcc85fdef9ceacb4c2b9bdba4
coco_train2017_000000209931.jpg,mouse_only,train2017,209931,http://images.cocodataset.org/train2017/000000209931.jpg,http://farm1.staticflickr.com/55/130630635_756f246e3d_z.jpg,Attribution-NonCommercial License,http://creativecommons.org/licenses/by-nc/2.0/,1,1399.77,0.0305,d9dd6fafbcb30103819f73169545c057a712bc9390a1cb760d65bea09f0a29d2
coco_train2017_000000114187.jpg,mouse_only,train2017,114187,http://images.cocodataset.org/train2017/000000114187.jpg,http://farm6.staticflickr.com/5291/5520719177_262b52e4f0_z.jpg,Attribution-NonCommercial-ShareAlike License,http://creativecommons.org/licenses/by-nc-sa/2.0/,1,1406.86,0.0004,2ebd1b87977f230f287e08ec631f99e40c131b7618e7b209938e5b3df04b3843
coco_train2017_000000531697.jpg,mouse_only,train2017,531697,http://images.cocodataset.org/train2017/000000531697.jpg,http://farm5.staticflickr.com/4004/4393862952_d16a9e67a2_z.jpg,Attribution-NonCommercial License,http://creativecommons.org/licenses/by-nc/2.0/,2,2928.27,0.0091,d7b9df7194b2e031129bfc0a35b2c669b295629852a5867500819c02f38c5ede
coco_train2017_000000092344.jpg,mouse_only,train2017,92344,http://images.cocodataset.org/train2017/000000092344.jpg,http://farm3.staticflickr.com/2078/2332887765_9ed316f6df_z.jpg,Attribution-ShareAlike License,http://creativecommons.org/licenses/by-sa/2.0/,1,1679.26,0.0000,3a703f80d0146ef73208f56b70a42da632c510b9f488c27910b249970f29edaf
coco_train2017_000000329566.jpg,mouse_only,train2017,329566,http://images.cocodataset.org/train2017/000000329566.jpg,http://farm1.staticflickr.com/36/75714716_1d3d63bb38_z.jpg,Attribution-NonCommercial-ShareAlike License,http://creativecommons.org/licenses/by-nc-sa/2.0/,1,434.55,0.0067,e4850337af4e5ef5d67537e8608fb0471e7801467285de489d3ce7acf88355cd
coco_train2017_000000158647.jpg,mouse_only,train2017,158647,http://images.cocodataset.org/train2017/000000158647.jpg,http://farm1.staticflickr.com/108/316578874_61dfcdd157_z.jpg,Attribution-NonCommercial-ShareAlike License,http://creativecommons.org/licenses/by-nc-sa/2.0/,1,800.07,0.0000,ef272d889e8a9fa5cdcef9ff5d9bfc972f130e06ccdf03539dad13b43d863fd7
coco_train2017_000000108301.jpg,mouse_only,train2017,108301,http://images.cocodataset.org/train2017/000000108301.jpg,http://farm1.staticflickr.com/99/310848733_cfa401daf8_z.jpg,Attribution-NonCommercial-ShareAlike License,http://creativecommons.org/licenses/by-nc-sa/2.0/,1,1181.64,0.0110,d5df385bd3c46a2aa6e398cd5f0503cedc00410d6ad8af4074815c51066dbf61
coco_train2017_000000083586.jpg,mouse_only,train2017,83586,http://images.cocodataset.org/train2017/000000083586.jpg,http://farm5.staticflickr.com/4042/5164518180_101438f627_z.jpg,Attribution-NonCommercial License,http://creativecommons.org/licenses/by-nc/2.0/,2,1623.77,0.0139,7d65f617c75f4a9a6a5082d65c52d1efc1226c8dff9c3fcc3e48c487e7b87a5b
coco_train2017_000000355918.jpg,mouse_only,train2017,355918,http://images.cocodataset.org/train2017/000000355918.jpg,http://farm5.staticflickr.com/4026/4370248274_abdb1ec971_z.jpg,Attribution-NonCommercial License,http://creativecommons.org/licenses/by-nc/2.0/,2,2454.78,0.0230,6f5f77deba4697f8b4a257719253eb3b8f58c8b350d1ecce4f7192f64ee6ba1a
coco_train2017_000000453010.jpg,mouse_only,train2017,453010,http://images.cocodataset.org/train2017/000000453010.jpg,http://farm1.staticflickr.com/1/134035230_c9179c8937_z.jpg,Attribution-NonCommercial License,http://creativecommons.org/licenses/by-nc/2.0/,1,2413.73,0.0000,758a6d197ecdbcf4635428f16812ff4faebdbe546bd8429fab213781bd53a0ec
coco_train2017_000000051028.jpg,mouse_only,train2017,51028,http://images.cocodataset.org/train2017/000000051028.jpg,http://farm6.staticflickr.com/5204/5351303526_353d6dba44_z.jpg,Attribution-NonCommercial-ShareAlike License,http://creativecommons.org/licenses/by-nc-sa/2.0/,2,4434.92,0.0563,2895a1ead51d000c656ea0c5c5f85d1207b7fd681188a68b6fa9151af3396c04
coco_train2017_000000365512.jpg,mouse_only,train2017,365512,http://images.cocodataset.org/train2017/000000365512.jpg,http://farm1.staticflickr.com/52/179150588_e1254f51ef_z.jpg,Attribution-ShareAlike License,http://creativecommons.org/licenses/by-sa/2.0/,1,1453.94,0.0242,239b5a07ac14e91a3f617caf5de8deaee23020e8e71af6f39ddc7a65fbb1d263
coco_train2017_000000321583.jpg,mouse_only,train2017,321583,http://images.cocodataset.org/train2017/000000321583.jpg,http://farm2.staticflickr.com/1027/1343193489_bc18a2d31e_z.jpg,Attribution-ShareAlike License,http://creativecommons.org/licenses/by-sa/2.0/,2,2337.26,0.0271,17ca19bd833205a92a78c505f68e0912386abe9ad82255d11959c0f3296c439e
coco_train2017_000000556091.jpg,mouse_only,train2017,556091,http://images.cocodataset.org/train2017/000000556091.jpg,http://farm1.staticflickr.com/183/477590135_3e376d11c5_z.jpg,Attribution-NonCommercial-ShareAlike License,http://creativecommons.org/licenses/by-nc-sa/2.0/,1,2300.90,0.0328,243a48f1ac266239ac19a8eb9b3b7f0083925960725f415b508b9bdc296fb3e9
coco_val2017_000000301421.jpg,mouse_only,val2017,301421,http://images.cocodataset.org/val2017/000000301421.jpg,http://farm4.staticflickr.com/3222/2511994966_2a82bf9b43_z.jpg,Attribution License,http://creativecommons.org/licenses/by/2.0/,1,1786.02,0.0000,a68205cde5ae859ac50c6cb563a0a3e5f7d780f28625afddeb8db153c7dcbb71
coco_train2017_000000572121.jpg,mouse_only,train2017,572121,http://images.cocodataset.org/train2017/000000572121.jpg,http://farm3.staticflickr.com/2216/2178347640_492da0feac_z.jpg,Attribution-NonCommercial-ShareAlike License,http://creativecommons.org/licenses/by-nc-sa/2.0/,1,1714.85,0.0031,921083bbb450031c6ee31175c9b747c166eb375c2e60ec1b56174e62f843b556
coco_train2017_000000237872.jpg,mouse_only,train2017,237872,http://images.cocodataset.org/train2017/000000237872.jpg,http://farm1.staticflickr.com/3/11068244_31b51db16a_z.jpg,Attribution-NonCommercial License,http://creativecommons.org/licenses/by-nc/2.0/,1,1905.31,0.0000,be0b10977e78948d82b3f549631586a793789eccd5fed27fd64bf31353828383
coco_train2017_000000299952.jpg,mouse_only,train2017,299952,http://images.cocodataset.org/train2017/000000299952.jpg,http://farm1.staticflickr.com/20/73655357_fff2ef8e35_z.jpg,Attribution-NonCommercial-ShareAlike License,http://creativecommons.org/licenses/by-nc-sa/2.0/,2,1111.05,0.0661,0ef314ce257dc85217ea915a289e969c90ff0aaee224a9a13ecbf9e14a7b63f8
coco_train2017_000000557678.jpg,mouse_only,train2017,557678,http://images.cocodataset.org/train2017/000000557678.jpg,http://farm4.staticflickr.com/3470/3269740931_e89698d7c0_z.jpg,Attribution-ShareAlike License,http://creativecommons.org/licenses/by-sa/2.0/,1,491.20,0.0032,e56dd94641d1761668f66ac1e130a8ef3086d2517cd0f71076b1990d5cf67fca
coco_train2017_000000312247.jpg,mouse_only,train2017,312247,http://images.cocodataset.org/train2017/000000312247.jpg,http://farm4.staticflickr.com/3377/3303755324_c5d530601b_z.jpg,Attribution License,http://creativecommons.org/licenses/by/2.0/,1,1552.49,0.0001,4b67b8c769fa3c1ba7d0dfbe5b9ef84bd353c13f5f3aa1a9a573dd4e929cfe85
coco_train2017_000000287578.jpg,mouse_only,train2017,287578,http://images.cocodataset.org/train2017/000000287578.jpg,http://farm4.staticflickr.com/3348/3422776453_401195387e_z.jpg,Attribution-NonCommercial License,http://creativecommons.org/licenses/by-nc/2.0/,1,884.29,0.0438,6deb8853a68dc928d35f6488f7d726ef7cc1d1381e7779f8b4a7be8e71a9533b
coco_train2017_000000042355.jpg,mouse_only,train2017,42355,http://images.cocodataset.org/train2017/000000042355.jpg,http://farm1.staticflickr.com/250/522188037_a412265ff2_z.jpg,Attribution-NonCommercial-ShareAlike License,http://creativecommons.org/licenses/by-nc-sa/2.0/,2,730.66,0.0150,f9087c596614dacdd8cca3b463440666568d9f224056a503d8707783151bcfdd
coco_train2017_000000077417.jpg,mouse_only,train2017,77417,http://images.cocodataset.org/train2017/000000077417.jpg,http://farm1.staticflickr.com/17/20270619_74f91039a6_z.jpg,Attribution-NonCommercial-ShareAlike License,http://creativecommons.org/licenses/by-nc-sa/2.0/,1,3163.01,0.1171,43d44b81eca44b0ba6eca6404248dfe1292c1c91459a0ac893a122f4512a8d0f
coco_train2017_000000053410.jpg,mouse_only,train2017,53410,http://images.cocodataset.org/train2017/000000053410.jpg,http://farm5.staticflickr.com/4061/4345218494_11b02485b0_z.jpg,Attribution-ShareAlike License,http://creativecommons.org/licenses/by-sa/2.0/,1,1034.18,0.0001,0e21e72b40b25ee27cd8d5b92c7cefc4e93e2c7a37c8a17367998e7727478146
coco_train2017_000000215002.jpg,mouse_only,train2017,215002,http://images.cocodataset.org/train2017/000000215002.jpg,http://farm1.staticflickr.com/22/29518893_6b9a2dbb34_z.jpg,Attribution-NonCommercial-ShareAlike License,http://creativecommons.org/licenses/by-nc-sa/2.0/,1,295.63,0.0000,e05eeea032fa8d5cc53bb9a8629c46621c3fc1a89d83eaa1f82db9cc7ddd83b6
coco_train2017_000000461018.jpg,mouse_only,train2017,461018,http://images.cocodataset.org/train2017/000000461018.jpg,http://farm2.staticflickr.com/1011/4610592612_b0c3fa0944_z.jpg,Attribution License,http://creativecommons.org/licenses/by/2.0/,1,1605.54,0.0317,fe4a9640bb89d0c343ee8f361fc7456b03946aaa0a4bf75d696346dc836d4dab
coco_train2017_000000204473.jpg,mouse_only,train2017,204473,http://images.cocodataset.org/train2017/000000204473.jpg,http://farm1.staticflickr.com/82/247785124_e3c5472691_z.jpg,Attribution-NonCommercial-ShareAlike License,http://creativecommons.org/licenses/by-nc-sa/2.0/,1,1834.61,0.0034,8448f3c935557225276d993bf409d74d988cd2c8cc3841690c13affe4d11a2e2
coco_train2017_000000334596.jpg,mouse_only,train2017,334596,http://images.cocodataset.org/train2017/000000334596.jpg,http://farm3.staticflickr.com/2453/4070128244_4ab1741911_z.jpg,Attribution-NonCommercial License,http://creativecommons.org/licenses/by-nc/2.0/,2,2266.51,0.0087,1a1415876398d943175a3ec455e1926851cd8440ce959bf3051dce880572d6df
coco_train2017_000000215167.jpg,mouse_only,train2017,215167,http://images.cocodataset.org/train2017/000000215167.jpg,http://farm1.staticflickr.com/127/384318555_a533b69be8_z.jpg,Attribution-NonCommercial-ShareAlike License,http://creativecommons.org/licenses/by-nc-sa/2.0/,1,2657.77,0.0125,b673e2f3691153019e394a4aee9538c0c9e6d6d93a1c69a2056078ac67f0fe73
coco_train2017_000000433770.jpg,mouse_only,train2017,433770,http://images.cocodataset.org/train2017/000000433770.jpg,http://farm4.staticflickr.com/3350/3486663978_cd22f1197d_z.jpg,Attribution License,http://creativecommons.org/licenses/by/2.0/,2,1240.49,0.0000,bf8a1233a700982c614c540677608efc31dab686eba730bfcf4c9dd6ebde753b
coco_train2017_000000481452.jpg,mouse_only,train2017,481452,http://images.cocodataset.org/train2017/000000481452.jpg,http://farm3.staticflickr.com/2497/3902018998_567551874a_z.jpg,Attribution-NonCommercial-ShareAlike License,http://creativecommons.org/licenses/by-nc-sa/2.0/,2,1522.59,0.0000,4279dc04b4c3d0e2f64fdeaaea5fb212ddf422caa46c5e246f7c26197fa1bb46
coco_train2017_000000130215.jpg,mouse_only,train2017,130215,http://images.cocodataset.org/train2017/000000130215.jpg,http://farm4.staticflickr.com/3082/2379091658_76d12b9be7_z.jpg,Attribution-NonCommercial-ShareAlike License,http://creativecommons.org/licenses/by-nc-sa/2.0/,1,2622.77,0.0010,afa19a99254bbbf55659620ff9f930bbf9d1d36fb63f65a56e855441a4e2155e
coco_train2017_000000131011.jpg,mouse_only,train2017,131011,http://images.cocodataset.org/train2017/000000131011.jpg,http://farm1.staticflickr.com/172/424363825_aca8061509_z.jpg,Attribution-NonCommercial-ShareAlike License,http://creativecommons.org/licenses/by-nc-sa/2.0/,1,1262.22,0.0197,64c1488ef6c89b0c8d15a873297316af3932f4e36f46ef8e22ba8636f3c27f4b
coco_train2017_000000246794.jpg,mouse_only,train2017,246794,http://images.cocodataset.org/train2017/000000246794.jpg,http://farm9.staticflickr.com/8455/7953227380_7fa0017203_z.jpg,Attribution-NonCommercial-ShareAlike License,http://creativecommons.org/licenses/by-nc-sa/2.0/,1,137.19,0.0000,289a41cbc1496f7d217b822e3db72bb5c75f408a40e6ffcfdfce775a389f3a6d
coco_train2017_000000149306.jpg,mouse_only,train2017,149306,http://images.cocodataset.org/train2017/000000149306.jpg,http://farm1.staticflickr.com/11/16240059_f858d78385_z.jpg,Attribution-ShareAlike License,http://creativecommons.org/licenses/by-sa/2.0/,2,2452.14,0.0136,adab172608e7e0d907c1321946453e93293893ad52e59ba89883953c5369aff2
coco_train2017_000000041753.jpg,mouse_only,train2017,41753,http://images.cocodataset.org/train2017/000000041753.jpg,http://farm3.staticflickr.com/2135/5705142950_0177463cd3_z.jpg,Attribution-ShareAlike License,http://creativecommons.org/licenses/by-sa/2.0/,2,2063.21,0.0101,405753d9b0a9a5cbaf138225d8aa2b7809ae238a06614f1282bbf817dfcf8172
coco_val2017_000000465718.jpg,mouse_only,val2017,465718,http://images.cocodataset.org/val2017/000000465718.jpg,http://farm4.staticflickr.com/3523/3750770006_56fa24a8f7_z.jpg,Attribution License,http://creativecommons.org/licenses/by/2.0/,1,3644.31,0.0001,23e5ecf15fc6651e6ec95dbc096565ad3e0acaa6434b9bca8d7c6e832c1041b9
coco_train2017_000000182758.jpg,mouse_only,train2017,182758,http://images.cocodataset.org/train2017/000000182758.jpg,http://farm1.staticflickr.com/120/297985541_b200edfd05_z.jpg,Attribution-NonCommercial-ShareAlike License,http://creativecommons.org/licenses/by-nc-sa/2.0/,1,1328.11,0.0002,a3e325a902d2b3fde7dc031e0688eb7259c4e1080682ea8733e3b1464e29c4a4
coco_train2017_000000143123.jpg,mouse_only,train2017,143123,http://images.cocodataset.org/train2017/000000143123.jpg,http://farm4.staticflickr.com/3383/3328121439_e83164572d_z.jpg,Attribution-NonCommercial-ShareAlike License,http://creativecommons.org/licenses/by-nc-sa/2.0/,1,1428.73,0.0000,3c620601b66a2b6170799384aeaf8a2f88c94019894a598da8348b69d1165334
coco_train2017_000000105538.jpg,mouse_only,train2017,105538,http://images.cocodataset.org/train2017/000000105538.jpg,http://farm4.staticflickr.com/3109/2300617935_cf9217229d_z.jpg,Attribution License,http://creativecommons.org/licenses/by/2.0/,1,919.80,0.0065,ada2670f055f16a410c56cef146f1c94f9c9fdc66bc0f423b5282625f9a61499
coco_train2017_000000042867.jpg,mouse_only,train2017,42867,http://images.cocodataset.org/train2017/000000042867.jpg,http://farm1.staticflickr.com/128/324317019_460135e3e1_z.jpg,Attribution License,http://creativecommons.org/licenses/by/2.0/,2,5063.74,0.0131,6273842952f0f9355f2cef5a90459b09bb31c799c05a3dbe752cf9edb72d481e
coco_train2017_000000136230.jpg,mouse_only,train2017,136230,http://images.cocodataset.org/train2017/000000136230.jpg,http://farm6.staticflickr.com/5028/5701950713_2e50fcc667_z.jpg,Attribution-ShareAlike License,http://creativecommons.org/licenses/by-sa/2.0/,1,1195.92,0.0018,199d3c4fe01a7e7d2ba686644c9c8d00507afceeb6b5b967a179adb543c00d0c
coco_train2017_000000207077.jpg,mouse_only,train2017,207077,http://images.cocodataset.org/train2017/000000207077.jpg,http://farm5.staticflickr.com/4003/4320695406_fe1646a576_z.jpg,Attribution License,http://creativecommons.org/licenses/by/2.0/,1,1813.77,0.0953,8e49c65a87e035684307994348214ca862ac9bbaac6889eed0d7f41db334731d
coco_train2017_000000102609.jpg,mouse_only,train2017,102609,http://images.cocodataset.org/train2017/000000102609.jpg,http://farm1.staticflickr.com/1/2423336_97e124d45d_z.jpg,Attribution-NonCommercial-ShareAlike License,http://creativecommons.org/licenses/by-nc-sa/2.0/,1,1910.21,0.0031,a311654a54f63bea3d9abef8614131bf543ced380bd5a0fba3b197b15df64a58
coco_train2017_000000459118.jpg,mouse_only,train2017,459118,http://images.cocodataset.org/train2017/000000459118.jpg,http://farm5.staticflickr.com/4064/4364272535_764e398c82_z.jpg,Attribution License,http://creativecommons.org/licenses/by/2.0/,1,1618.99,0.0217,0974d36a37d6edac99fd69a9a7da6a22c9222ac29a8d86ba615f23b2b6d841ff
coco_train2017_000000499419.jpg,mouse_only,train2017,499419,http://images.cocodataset.org/train2017/000000499419.jpg,http://farm5.staticflickr.com/4054/4635385136_81715b5ff0_z.jpg,Attribution-NonCommercial-ShareAlike License,http://creativecommons.org/licenses/by-nc-sa/2.0/,1,443.55,0.0029,caf2da054ed981f28ee1075622ef475ada4080f0bec724dfcdb5df579cfb1c6c
coco_train2017_000000541491.jpg,mouse_only,train2017,541491,http://images.cocodataset.org/train2017/000000541491.jpg,http://farm1.staticflickr.com/93/236926447_1d5477ef8c_z.jpg,Attribution-ShareAlike License,http://creativecommons.org/licenses/by-sa/2.0/,1,2335.20,0.0068,61841f1de8480c4bdecca302522f3d70f3e57b7fa21b5724b91953aba342f933
coco_train2017_000000072051.jpg,mouse_only,train2017,72051,http://images.cocodataset.org/train2017/000000072051.jpg,http://farm3.staticflickr.com/2316/2079256186_483ad82aa8_z.jpg,Attribution-NonCommercial-ShareAlike License,http://creativecommons.org/licenses/by-nc-sa/2.0/,1,1618.24,0.0055,f1032338aea93aab34e6e0dea7289173b3b72a51ad4906d167e0717eaae4797e
coco_train2017_000000447633.jpg,mouse_only,train2017,447633,http://images.cocodataset.org/train2017/000000447633.jpg,http://farm5.staticflickr.com/4123/4863474151_b66e905914_z.jpg,Attribution-NonCommercial-ShareAlike License,http://creativecommons.org/licenses/by-nc-sa/2.0/,1,1312.24,0.0782,786e76645af5938a4eae5b0ff61346c9d444b9d84249908d8779567cb79e216f
coco_train2017_000000094609.jpg,mouse_only,train2017,94609,http://images.cocodataset.org/train2017/000000094609.jpg,http://farm1.staticflickr.com/16/22175505_9bf31dcfcd_z.jpg,Attribution-ShareAlike License,http://creativecommons.org/licenses/by-sa/2.0/,1,1140.33,0.0596,c2656f4966d2beef178146353b0ddc74e01dba1e9b04d92ef096a54d32b39c65
coco_train2017_000000059388.jpg,mouse_only,train2017,59388,http://images.cocodataset.org/train2017/000000059388.jpg,http://farm1.staticflickr.com/43/74894471_b3b3ff1f1c_z.jpg,Attribution-NonCommercial License,http://creativecommons.org/licenses/by-nc/2.0/,1,1832.07,0.0021,ed3f85d8e1f7fe9bdea29b45ae8937305f309880f95423cd447d6b23be2157f2
coco_train2017_000000114729.jpg,mouse_only,train2017,114729,http://images.cocodataset.org/train2017/000000114729.jpg,http://farm3.staticflickr.com/2183/2541710549_e7b9260aa5_z.jpg,Attribution License,http://creativecommons.org/licenses/by/2.0/,1,823.71,0.0000,acb61870e19b1872e4806403156cee5b081c392f336999c5b43203ff79b8f87a
coco_train2017_000000434511.jpg,mouse_only,train2017,434511,http://images.cocodataset.org/train2017/000000434511.jpg,http://farm1.staticflickr.com/6/9868035_aad205c325_z.jpg,Attribution-ShareAlike License,http://creativecommons.org/licenses/by-sa/2.0/,1,1448.04,0.0013,3bcce3524cef6c49174200ff2d56257cde210f3b4f717f930c46fae826997b3b
coco_train2017_000000093175.jpg,mouse_only,train2017,93175,http://images.cocodataset.org/train2017/000000093175.jpg,http://farm4.staticflickr.com/3254/3157581419_cf3b7c25ba_z.jpg,Attribution-NonCommercial-ShareAlike License,http://creativecommons.org/licenses/by-nc-sa/2.0/,1,1116.60,0.0000,b9704ac2608fdef75ee15e74d7dbe72ab722272ab3f6e8dc46bb4126823cec2c
coco_train2017_000000261453.jpg,mouse_only,train2017,261453,http://images.cocodataset.org/train2017/000000261453.jpg,http://farm3.staticflickr.com/2526/3900554984_defb8e5bbc_z.jpg,Attribution-ShareAlike License,http://creativecommons.org/licenses/by-sa/2.0/,1,957.54,0.0000,749ca54004d21cfe93a9233ea3136e1f0e0111c258a02421f1992e12b4ea2291
coco_train2017_000000392476.jpg,mouse_only,train2017,392476,http://images.cocodataset.org/train2017/000000392476.jpg,http://farm4.staticflickr.com/3219/2743737312_51a3eb60a8_z.jpg,Attribution License,http://creativecommons.org/licenses/by/2.0/,1,1838.39,0.0002,fd161845cc6147ef1897ed1cf5f5459c7c4726660f5b8fffae3a3445e9055a5d
coco_train2017_000000154202.jpg,mouse_only,train2017,154202,http://images.cocodataset.org/train2017/000000154202.jpg,http://farm2.staticflickr.com/1205/1174395261_a2724d909a_z.jpg,Attribution-NonCommercial-ShareAlike License,http://creativecommons.org/licenses/by-nc-sa/2.0/,1,1234.12,0.0000,a9b6bb63197d3cb29897182c8642e96c2722fffead20c2d2acafa316bf94d381
coco_train2017_000000573973.jpg,mouse_only,train2017,573973,http://images.cocodataset.org/train2017/000000573973.jpg,http://farm2.staticflickr.com/1098/1069334580_9af96f7b41_z.jpg,Attribution-NonCommercial License,http://creativecommons.org/licenses/by-nc/2.0/,1,3122.05,0.0009,3cb99f7e149dc1e2ec085a0f69df3355a03ed4ab50edcac985f25f702bf9d0c2
coco_train2017_000000430731.jpg,mouse_only,train2017,430731,http://images.cocodataset.org/train2017/000000430731.jpg,http://farm1.staticflickr.com/156/431439706_d0dfb9b07b_z.jpg,Attribution-NonCommercial License,http://creativecommons.org/licenses/by-nc/2.0/,1,3823.12,0.0401,a0f763fc59e6220232920b96ad9946819ad5f0e832d436cc606cf72b7aeb8be0
coco_train2017_000000226232.jpg,mouse_only,train2017,226232,http://images.cocodataset.org/train2017/000000226232.jpg,http://farm6.staticflickr.com/5068/5684617157_dc00c89c83_z.jpg,Attribution-NonCommercial License,http://creativecommons.org/licenses/by-nc/2.0/,1,2337.41,0.0541,642a04bd76843fdf603d3798ff689c9b4bb575b617477c83ab892bc0a5fd2600
coco_train2017_000000438045.jpg,mouse_only,train2017,438045,http://images.cocodataset.org/train2017/000000438045.jpg,http://farm7.staticflickr.com/6181/6087681716_98f637a0ed_z.jpg,Attribution-NonCommercial-ShareAlike License,http://creativecommons.org/licenses/by-nc-sa/2.0/,1,1928.24,0.0019,8985f064da9eb69de183ced33306a72be6079c6baa1df226a31d947777d64794
coco_train2017_000000309400.jpg,mouse_only,train2017,309400,http://images.cocodataset.org/train2017/000000309400.jpg,http://farm1.staticflickr.com/59/190962556_78b510d4b5_z.jpg,Attribution-NonCommercial-ShareAlike License,http://creativecommons.org/licenses/by-nc-sa/2.0/,1,1670.51,0.0001,c6c8e9be321bcde584f07459c6d14f8d296bc66484317b2eb7e9c5849ea7f3e4
coco_train2017_000000553176.jpg,mouse_only,train2017,553176,http://images.cocodataset.org/train2017/000000553176.jpg,http://farm5.staticflickr.com/4107/5012087640_79a68577f0_z.jpg,Attribution-NonCommercial-ShareAlike License,http://creativecommons.org/licenses/by-nc-sa/2.0/,1,1224.55,0.0000,859f5763c9875111643aa4dce14720f69410997fd00999da597f2eee5fa9047e
